Product,ASIN,Announced,Size,Resolution,OS,Chipset,Memory,Rear Camera,Front Camera,Weight,Battery,URL
Moto G6 Play ÃƒÆ’Ã‚Â¢ÃƒÂ¢Ã¢â‚¬Å¡Ã‚Â¬ÃƒÂ¢Ã¢â€šÂ¬Ã…â€œ 32 GB ÃƒÆ’Ã‚Â¢ÃƒÂ¢Ã¢â‚¬Å¡Ã‚Â¬ÃƒÂ¢Ã¢â€šÂ¬Ã…â€œ Unlocked (AT&T/Sprint/T-Mobile/Verizon) ÃƒÆ’Ã‚Â¢ÃƒÂ¢Ã¢â‚¬Å¡Ã‚Â¬ÃƒÂ¢Ã¢â€šÂ¬Ã…â€œ Deep Indigo ÃƒÆ’Ã‚Â¢ÃƒÂ¢Ã¢â‚¬Å¡Ã‚Â¬ÃƒÂ¢Ã¢â€šÂ¬Ã…â€œ Prime Exclusive Phone,B079YTK8XV,"2018, April","5.7 inches, 83.8 cm2 (~75.2% screen-to-body ratio)","720 x 1440 pixels, 18:9 ratio (~282 ppi density)",Android 8.0 (Oreo),Qualcomm MSM8920 Snapdragon 427,"32 GB, 3 RAM or 16 GB, 2 GB RAM","13 MP, f/2.0, 1.12ÃƒÆ’Ã¢â‚¬Å¡Ãƒâ€šÃ‚Âµm, PDAF","5 MP (USA)
8 MP (other markets)",175 g (6.17 oz),4000 mAh,https://www.gsmarena.com/motorola_moto_g6_play-9002.php#usa
Moto G6 ÃƒÆ’Ã‚Â¢ÃƒÂ¢Ã¢â‚¬Å¡Ã‚Â¬ÃƒÂ¢Ã¢â€šÂ¬Ã…â€œ 32 GB ÃƒÆ’Ã‚Â¢ÃƒÂ¢Ã¢â‚¬Å¡Ã‚Â¬ÃƒÂ¢Ã¢â€šÂ¬Ã…â€œ Unlocked (AT&T/Sprint/T-Mobile/Verizon) ÃƒÆ’Ã‚Â¢ÃƒÂ¢Ã¢â‚¬Å¡Ã‚Â¬ÃƒÂ¢Ã¢â€šÂ¬Ã…â€œ Black - Prime Exclusive Phone,B079Z3DX1W,"2018, April","5.7 inches, 83.8 cm2 (~75.4% screen-to-body ratio)","1080 x 2160 pixels, 18:9 ratio (~424 ppi density)",Android 8.0 (Oreo),Qualcomm SDM450 Snapdragon 450,"64 GB, 4 GB RAM or 32 GB, 3 GB RAM","12 MP, f/1.8, 1.4ÃƒÆ’Ã¢â‚¬Å¡Ãƒâ€šÃ‚Âµm, PDAF
5 MP, f/2.2, depth sensor","8 MP or 16 MP, f/2.2",167 g (5.89 oz),3000 mAh,https://www.gsmarena.com/motorola_moto_g6-9000.php
Huawei Mate SE Factory Unlocked 5.93ÃƒÆ’Ã‚Â¢ÃƒÂ¢Ã¢â‚¬Å¡Ã‚Â¬Ãƒâ€šÃ‚Â - 4GB/64GB Octa-core Processor| 16MP + 2MP Dual Camera| GSM Only |Grey (US Warranty),B0791VS3N9,"2017, December","5.93 inches, 90.7 cm2 (~77.0% screen-to-body ratio)","1080 x 2160 pixels, 18:9 ratio (~407 ppi density)","Android 7.0 (Nougat), upgradable to Android 8.0 (Oreo)",HiSilicon Kirin 659,"64 GB, 4 GB RAM (L21) or 32/64 GB, 4 GB RAM (L22) or 32/64 GB, 3/4 GB RAM (L24)","16 MP, f/2.2, 26mm, 1/2.9"", 1.25ÃƒÆ’Ã¢â‚¬Å¡Ãƒâ€šÃ‚Âµm, PDAF
2 MP, depth sensor","8 MP, f/2.0, 27mm",165 g (5.82 oz),3340 mAh,https://www.gsmarena.com/huawei_honor_7x-8880.php#l24
"BLU Studio X8 HD - 5.0"" GSM Unlocked Smartphone -Black",B01EYT1URO,"2016, May","5.0 inches, 68.9 cm2 (~64.1% screen-to-body ratio)","720 x 1280 pixels, 16:9 ratio (~294 ppi density)",Android 5.1 (Lollipop),,"4 GB, 512 MB RAM",5 MP,5 MP,144 g (5.08 oz),2000 mAh,https://www.gsmarena.com/blu_studio_x8_hd-8119.php
"Honor 7X GSM Unlocked Smartphone 5.93ÃƒÆ’Ã‚Â¢ÃƒÂ¢Ã¢â‚¬Å¡Ã‚Â¬Ãƒâ€šÃ‚Â FullView Display, 16MP + 2MP Dual-Lens Camera, Dual SIM, Expandable Storage, Black (US Warranty)",B078NCL7GK,"2017, December","5.93 inches, 90.7 cm2 (~77.0% screen-to-body ratio)","1080 x 2160 pixels, 18:9 ratio (~407 ppi density)","Android 7.0 (Nougat), upgradable to Android 8.0 (Oreo)",HiSilicon Kirin 659,"64 GB, 4 GB RAM (L21) or 32/64 GB, 4 GB RAM (L22) or 32/64 GB, 3/4 GB RAM (L24)","16 MP, f/2.2, 26mm, 1/2.9"", 1.25ÃƒÆ’Ã¢â‚¬Å¡Ãƒâ€šÃ‚Âµm, PDAF
2 MP, depth sensor","8 MP, f/2.0, 27mm",165 g (5.82 oz),3340 mAh,https://www.gsmarena.com/huawei_honor_7x-8880.php#l24
BLU Advance A4 -Unlocked Dual Sim Smartphone -Black,B072N6BD9V,,,,,,,,,,,
"BLU Pure View -32GB +3GB RAM, 5.7ÃƒÆ’Ã‚Â¢ÃƒÂ¢Ã¢â‚¬Å¡Ã‚Â¬Ãƒâ€šÃ‚Â HD+ 18:9 Display Smartphone with Dual Front Selfie Cameras -Black",B078X5MGL7,"2018, February","5.7 inches, 83.8 cm2 (~76.7% screen-to-body ratio)","720 x 1440 pixels, 18:9 ratio (~282 ppi density)",Android 7.0 (Nougat),Mediatek MT6753,"32 GB, 3 GB RAM","13 MP, 1/3"", 1.12ÃƒÆ’Ã¢â‚¬Å¡Ãƒâ€šÃ‚Âµm, PDAF","8 MP, 1/4"", 1.12ÃƒÆ’Ã¢â‚¬Å¡Ãƒâ€šÃ‚Âµm",184 g (6.49 oz),3000 mAh,https://www.gsmarena.com/blu_pure_view-9223.php
"Apple iPhone 6 GSM Unlocked, 64 GB - Space Gray (Certified Refurbished) ",B014Z8HDWU,"2014, September","4.7 inches, 60.9 cm2 (~65.8% screen-to-body ratio)","750 x 1334 pixels, 16:9 ratio (~326 ppi density)","iOS 8, upgradable to iOS 11.4.1",Apple A8,"16/32/64/128 GB, 1 GB RAM DDR3","8 MP, f/2.2, 29mm, 1/3"", 1.5ÃƒÆ’Ã¢â‚¬Å¡Ãƒâ€šÃ‚Âµm, PDAF","1.2 MP, f/2.2, 31mm",129 g (4.55 oz),1810 mAh,https://www.gsmarena.com/apple_iphone_6-6378.php
Essential Phone in Halo Gray ÃƒÆ’Ã‚Â¢ÃƒÂ¢Ã¢â‚¬Å¡Ã‚Â¬ÃƒÂ¢Ã¢â€šÂ¬Ã…â€œ 128 GB Unlocked Titanium and Ceramic phone with Edge-to-Edge Display,B078SQ7GWK,"2017, May","5.71 inches, 85.4 cm2 (~84.9% screen-to-body ratio)",1312 x 2560 pixels (~504 ppi density),"Android 7.1 (Nougat), upgradable to Android 8.1 (Oreo)",Qualcomm MSM8998 Snapdragon 835,"128 GB, 4 GB RAM","13 MP, f/1.9, PDAF & laser AF","8 MP, f/2.2",185 g (6.53 oz),3040 mAh,https://www.gsmarena.com/_essential_ph_1-8710.php
"Samsung Galaxy J7 Neo (16GB) J701M/DS - 5.5"", Android 7.0, Dual SIM Unlocked Smartphone, International Model - Gold",B074D5YHPP,"2017, July","5.5 inches, 83.4 cm2 (~69.6% screen-to-body ratio)","720 x 1280 pixels, 16:9 ratio (~267 ppi density)","Android 7.0 (Nougat), planned upgrade to Android 8.0 (Oreo)",Exynos 7870 Octa,"16 GB, 2 GB RAM","13 MP, f/1.9, 28mm, AF","5 MP, f/2.2, 23mm",170 g (6.00 oz),3000 mAh,https://www.gsmarena.com/samsung_galaxy_j7_nxt-8785.php
Huawei Mate SE Factory Unlocked 5.93ÃƒÆ’Ã‚Â¢ÃƒÂ¢Ã¢â‚¬Å¡Ã‚Â¬Ãƒâ€šÃ‚Â - 4GB/64GB Octa-core Processor| 16MP + 2MP Dual Camera| GSM Only |Gold (US Warranty),B0791BJBX8,"2017, December","5.93 inches, 90.7 cm2 (~77.0% screen-to-body ratio)","1080 x 2160 pixels, 18:9 ratio (~407 ppi density)","Android 7.0 (Nougat), upgradable to Android 8.0 (Oreo)",HiSilicon Kirin 659,"64 GB, 4 GB RAM (L21) or 32/64 GB, 4 GB RAM (L22) or 32/64 GB, 3/4 GB RAM (L24)","16 MP, f/2.2, 26mm, 1/2.9"", 1.25ÃƒÆ’Ã¢â‚¬Å¡Ãƒâ€šÃ‚Âµm, PDAF
2 MP, depth sensor","8 MP, f/2.0, 27mm",165 g (5.82 oz),3340 mAh,https://www.gsmarena.com/huawei_honor_7x-8880.php#l24
"Essential Phone 128 GB Unlocked with Full Display, Dual Camera ÃƒÆ’Ã‚Â¢ÃƒÂ¢Ã¢â‚¬Å¡Ã‚Â¬ÃƒÂ¢Ã¢â€šÂ¬Ã…â€œ Black Moon",B074BWGRKH,"2017, May","5.71 inches, 85.4 cm2 (~84.9% screen-to-body ratio)",1312 x 2560 pixels (~504 ppi density),"Android 7.1 (Nougat), upgradable to Android 8.1 (Oreo)",Qualcomm MSM8998 Snapdragon 835,"128 GB, 4 GB RAM","13 MP, f/1.9, PDAF & laser AF","8 MP, f/2.2",185 g (6.53 oz),3040 mAh,https://www.gsmarena.com/_essential_ph_1-8710.php
Samsung Galaxy S8 Unlocked 64GB - US Version (Midnight Black) - US Warranty,B06Y14T5YW,"2017, March","5.8 inches, 84.8 cm2 (~83.6% screen-to-body ratio)","1440 x 2960 pixels, 18.5:9 ratio (~570 ppi density)","Android 7.0 (Nougat), upgradable to Android 8.0 (Oreo)",Qualcomm MSM8998 Snapdragon 835,"64 GB, 4 GB RAM","12 MP, f/1.7, 26mm, 1/2.5"", 1.4ÃƒÆ’Ã¢â‚¬Å¡Ãƒâ€šÃ‚Âµm, OIS, dual pixel PDAF","8 MP, f/1.7, 25mm, 1/3.6"", 1.22ÃƒÆ’Ã¢â‚¬Å¡Ãƒâ€šÃ‚Âµm, AF",155 g (5.47 oz),3000 mAh,https://www.gsmarena.com/samsung_galaxy_s8-8161.php#g950u
"Apple iPhone 6 16 GB Unlocked, Silver (Certified Refurbished)",B01BI2VZEI,"2014, September","4.7 inches, 60.9 cm2 (~65.8% screen-to-body ratio)","750 x 1334 pixels, 16:9 ratio (~326 ppi density)","iOS 8, upgradable to iOS 11.4.1",Apple A8,"16/32/64/128 GB, 1 GB RAM DDR3","8 MP, f/2.2, 29mm, 1/3"", 1.5ÃƒÆ’Ã¢â‚¬Å¡Ãƒâ€šÃ‚Âµm, PDAF","1.2 MP, f/2.2, 31mm",129 g (4.55 oz),1810 mAh,https://www.gsmarena.com/apple_iphone_6-6378.php
Alcatel Ideal Xcite 4G LTE Unlocked 5044R 5 inch 8GB Usa Latin & Caribbean Bands Android 7.0 IdealXcite,B0747WWP4D,,,,,,,,,,,
Samsung Galaxy S9 Unlocked Smartphone - Midnight Black - US Warranty,B079H6RLKQ,"2018, February","5.8 inches, 84.8 cm2 (~83.6% screen-to-body ratio)","1440 x 2960 pixels, 18.5:9 ratio (~570 ppi density)",Android 8.0 (Oreo),Qualcomm SDM845 Snapdragon 845,"64/128/256 GB, 4 GB RAM","12 MP, f/1.5-2.4, 26mm, 1/2.5"", 1.4ÃƒÆ’Ã¢â‚¬Å¡Ãƒâ€šÃ‚Âµm, OIS, dual pixel PDAF","8 MP, f/1.7, 25mm, 1/3.6"", 1.22ÃƒÆ’Ã¢â‚¬Å¡Ãƒâ€šÃ‚Âµm, AF",163 g (5.75 oz),3000 mAh,https://www.gsmarena.com/samsung_galaxy_s9-8966.php#g960u
"BLU Life One X3 ÃƒÆ’Ã‚Â¢ÃƒÂ¢Ã¢â‚¬Å¡Ã‚Â¬ÃƒÂ¢Ã¢â€šÂ¬Ã…â€œ 4G LTE Unlocked Smartphone with 5,000mAh Monster Battery -Black",B0784VB4JX,"2017, November","5.5 inches, 83.4 cm2 (~71.9% screen-to-body ratio)","1080 x 1920 pixels, 16:9 ratio (~401 ppi density)",Android 7.0 (Nougat),Mediatek MT6753,"32 GB, 3 GB RAM","13 MP, 1/3"", 1.12ÃƒÆ’Ã¢â‚¬Å¡Ãƒâ€šÃ‚Âµm",13 MP,182 g (6.42 oz),5000 mAh,https://www.gsmarena.com/blu_life_one_x3-8946.php
"BLU Studio X8 HD - 5.0"" GSM Unlocked Smartphone -White",B01FS0AAZG,"2016, May","5.0 inches, 68.9 cm2 (~64.1% screen-to-body ratio)","720 x 1280 pixels, 16:9 ratio (~294 ppi density)",Android 5.1 (Lollipop),,"4 GB, 512 MB RAM",5 MP,5 MP,144 g (5.08 oz),2000 mAh,https://www.gsmarena.com/blu_studio_x8_hd-8119.php
"Easyfone Prime A1 3G Unlocked Senior Flip Cell Phone, Unlocked to AT&T and T-Mobile, SOS Button, 2.4-Inch HD Display with Big Font and Big Keypad, Flashlight Quick Switch with Charging Dock (Black)",B07BHH848H,,,,,,,,,,,
BLU R2 PLUS ÃƒÆ’Ã‚Â¢ÃƒÂ¢Ã¢â‚¬Å¡Ã‚Â¬ÃƒÂ¢Ã¢â€šÂ¬Ã…â€œ 4G LTE 5.5ÃƒÆ’Ã‚Â¢ÃƒÂ¢Ã¢â‚¬Å¡Ã‚Â¬Ãƒâ€šÃ‚Â Full HD Unlocked Smartphone ÃƒÆ’Ã‚Â¢ÃƒÂ¢Ã¢â‚¬Å¡Ã‚Â¬ÃƒÂ¢Ã¢â€šÂ¬Ã…â€œ 32GB + 3GB RAM -Black,B077NXNK2L,"2017, November","5.5 inches, 83.4 cm2 (~69.6% screen-to-body ratio)","1080 x 1920 pixels, 16:9 ratio (~401 ppi density)",Android 7.0 (Nougat),Mediatek MT6753,"32 GB, 3 GB RAM","13 MP, f/2.0, 1/3"", 1.12ÃƒÆ’Ã¢â‚¬Å¡Ãƒâ€šÃ‚Âµm, PDAF",13 MP,167 g (5.89 oz),3000 mAh,https://www.gsmarena.com/blu_r2_plus-8945.php
"Honor 7X GSM Unlocked Smartphone 5.93ÃƒÆ’Ã‚Â¢ÃƒÂ¢Ã¢â‚¬Å¡Ã‚Â¬Ãƒâ€šÃ‚Â FullView Display, 16MP + 2MP Dual-Lens Camera, Dual SIM, Expandable Storage, Blue (US Warranty)",B078NCL7GJ,"2017, December","5.93 inches, 90.7 cm2 (~77.0% screen-to-body ratio)","1080 x 2160 pixels, 18:9 ratio (~407 ppi density)","Android 7.0 (Nougat), upgradable to Android 8.0 (Oreo)",HiSilicon Kirin 659,"64 GB, 4 GB RAM (L21) or 32/64 GB, 4 GB RAM (L22) or 32/64 GB, 3/4 GB RAM (L24)","16 MP, f/2.2, 26mm, 1/2.9"", 1.25ÃƒÆ’Ã¢â‚¬Å¡Ãƒâ€šÃ‚Âµm, PDAF
2 MP, depth sensor","8 MP, f/2.0, 27mm",165 g (5.82 oz),3340 mAh,https://www.gsmarena.com/huawei_honor_7x-8880.php#l24
Moto G6 ÃƒÆ’Ã‚Â¢ÃƒÂ¢Ã¢â‚¬Å¡Ã‚Â¬ÃƒÂ¢Ã¢â€šÂ¬Ã…â€œ 64 GB ÃƒÆ’Ã‚Â¢ÃƒÂ¢Ã¢â‚¬Å¡Ã‚Â¬ÃƒÂ¢Ã¢â€šÂ¬Ã…â€œ Unlocked (AT&T/Sprint/T-Mobile/Verizon) ÃƒÆ’Ã‚Â¢ÃƒÂ¢Ã¢â‚¬Å¡Ã‚Â¬ÃƒÂ¢Ã¢â€šÂ¬Ã…â€œ Deep Indigo ÃƒÆ’Ã‚Â¢ÃƒÂ¢Ã¢â‚¬Å¡Ã‚Â¬ÃƒÂ¢Ã¢â€šÂ¬Ã…â€œ Prime Exclusive Phone,B07C38BKCD,"2018, April","5.7 inches, 83.8 cm2 (~75.4% screen-to-body ratio)","1080 x 2160 pixels, 18:9 ratio (~424 ppi density)",Android 8.0 (Oreo),Qualcomm SDM450 Snapdragon 450,"64 GB, 4 GB RAM or 32 GB, 3 GB RAM","12 MP, f/1.8, 1.4ÃƒÆ’Ã¢â‚¬Å¡Ãƒâ€šÃ‚Âµm, PDAF
5 MP, f/2.2, depth sensor","8 MP or 16 MP, f/2.2",167 g (5.89 oz),3000 mAh,https://www.gsmarena.com/motorola_moto_g6-9000.php
"Nokia 6.1 (2018) - Android One (Oreo) - 32 GB - Dual SIM Unlocked Smartphone (AT&T/T-Mobile/MetroPCS/Cricket/H2O) - 5.5"" Screen - Black - U.S. Warranty",B07B4KPFKM,"2018, January","5.5 inches, 82.6 cm2 (~73.2% screen-to-body ratio)","1080 x 1920 pixels, 16:9 ratio (~403 ppi density)",Android 8.1 (Oreo),Qualcomm SDM630 Snapdragon 630,"32/64 GB, 3/4 GB RAM","16 MP, f/2.0, 27mm, 1.0ÃƒÆ’Ã¢â‚¬Å¡Ãƒâ€šÃ‚Âµm, PDAF","8 MP, f/2.0, 1.12ÃƒÆ’Ã¢â‚¬Å¡Ãƒâ€šÃ‚Âµm",172 g (6.07 oz),3000 mAh,https://www.gsmarena.com/nokia_6_1-8972.php
"Samsung Galaxy J2 Prime (16GB) 5.0"" 4G LTE GSM Dual SIM Factory Unlocked International Version, No Warranty G532M/DS (Black)",B079J5VWWK,"2016, November","5.0 inches, 68.9 cm2 (~66.0% screen-to-body ratio)","540 x 960 pixels, 16:9 ratio (~220 ppi density)",Android 6.0 (Marshmallow),Mediatek MT6737T,"8 GB, 1.5 GB RAM","8 MP, AF, f/2.2","5 MP, f/2.2",160 g (5.64 oz),2600 mAh,https://www.gsmarena.com/samsung_galaxy_j2_prime-8424.php#g532mds
Moto E (4th Generation) - 16 GB - Unlocked (AT&T/Sprint/T-Mobile/Verizon) - Black - Prime Exclusive,B077Y79RBY,"2017, June","5.0 inches, 68.9 cm2 (~65.9% screen-to-body ratio)","720 x 1280 pixels, 16:9 ratio (~294 ppi density)",Android 7.1.1 (Nougat),Mediatek MT6737,"16 GB, 2 GB RAM","8 MP, f/2.2, 1.12ÃƒÆ’Ã¢â‚¬Å¡Ãƒâ€šÃ‚Âµm, AF","5 MP, f/2.2, 1.4ÃƒÆ’Ã¢â‚¬Å¡Ãƒâ€šÃ‚Âµm",151 g (5.33 oz),2800 mAh,https://www.gsmarena.com/motorola_moto_e4-8721.php
Apple iPhone 6S 16GB - GSM Unlocked - Rose Gold (Certified Refurbished),B01J8PBEUM,"2015, September","4.7 inches, 60.9 cm2 (~65.6% screen-to-body ratio)","750 x 1334 pixels, 16:9 ratio (~326 ppi density)","iOS 9, upgradable to iOS 11.4.1",Apple A9,"16/32/64/128 GB, 2 GB RAM","12 MP, f/2.2, 29mm, 1/3"", 1.22ÃƒÆ’Ã¢â‚¬Å¡Ãƒâ€šÃ‚Âµm, PDAF","5 MP, f/2.2, 31mm",143 g (5.04 oz),1715 mAh,https://www.gsmarena.com/apple_iphone_6s-7242.php
"Google Pixel Phone - 5 inch display ( Factory Unlocked US Version ) (32GB, Quite Black)",B01M01YX15,"2016, October","5.0 inches, 68.9 cm2 (~69.0% screen-to-body ratio)","1080 x 1920 pixels, 16:9 ratio (~441 ppi density)","Android 7.1 (Nougat), upgradable to Android 8.0 (Oreo)",Qualcomm MSM8996 Snapdragon 821,"32/128 GB, 4 GB RAM","12.3 MP, f/2.0, 1/2.3"", 1.55ÃƒÆ’Ã¢â‚¬Å¡Ãƒâ€šÃ‚Âµm, PDAF & laser AF","8 MP, f/2.4, 1/3.2"", 1.4ÃƒÆ’Ã¢â‚¬Å¡Ãƒâ€šÃ‚Âµm",143 g (5.04 oz),2770 mAh,https://www.gsmarena.com/google_pixel-8346.php#usa-na
Samsung Galaxy S9+ Unlocked Smartphone - Midnight Black - US Warranty,B079JXY4TJ,"2018, February","6.2 inches, 98.3 cm2 (~84.2% screen-to-body ratio)","1440 x 2960 pixels, 18.5:9 ratio (~529 ppi density)",Android 8.0 (Oreo),Qualcomm SDM845 Snapdragon 845,"64/128/256 GB, 6 GB RAM - China128 GB, 6 GB RAM - LATAM","12 MP, f/1.5-2.4, 26mm, 1/2.55"", 1.4ÃƒÆ’Ã¢â‚¬Å¡Ãƒâ€šÃ‚Âµm, Dual Pixel PDAF, OIS
12 MP, f/2.4, 52mm, 1/3.6"", 1ÃƒÆ’Ã¢â‚¬Å¡Ãƒâ€šÃ‚Âµm, AF, OIS, 2x optical zoom","8 MP, f/1.7, 25mm, 1/3.6"", 1.22ÃƒÆ’Ã¢â‚¬Å¡Ãƒâ€šÃ‚Âµm, AF",189 g (6.67 oz),3500 mAh,https://www.gsmarena.com/samsung_galaxy_s9+-8967.php#g965u
LG Stylo 4 ÃƒÆ’Ã‚Â¢ÃƒÂ¢Ã¢â‚¬Å¡Ã‚Â¬ÃƒÂ¢Ã¢â€šÂ¬Ã…â€œ 32 GB ÃƒÆ’Ã‚Â¢ÃƒÂ¢Ã¢â‚¬Å¡Ã‚Â¬ÃƒÂ¢Ã¢â€šÂ¬Ã…â€œ Unlocked (AT&T/Sprint/T-Mobile/Verizon) ÃƒÆ’Ã‚Â¢ÃƒÂ¢Ã¢â‚¬Å¡Ã‚Â¬ÃƒÂ¢Ã¢â€šÂ¬Ã…â€œ Aurora Black ÃƒÆ’Ã‚Â¢ÃƒÂ¢Ã¢â‚¬Å¡Ã‚Â¬ÃƒÂ¢Ã¢â€šÂ¬Ã…â€œ Prime Exclusive Phone,B07D3QKRW1,"2018, June","6.2 inches, 99.2 cm2 (~79.8% screen-to-body ratio)","1080 x 2160 pixels, 18:9 ratio (~390 ppi density)",Android 8.1 (Oreo),Qualcomm SDM450 Snapdragon 450,"32 GB, 2 RAM","13 MP, f/2.4, PDAF",5 MP,172 g (6.07 oz),3300 mAh,https://www.gsmarena.com/lg_q_stylo_4-9251.php
"Samsung Galaxy J7 Prime (32GB) G610F/DS - 5.5"" Dual SIM Unlocked Phone with Finger Print Sensor (Gold)",B01MUSD2ST,"2016, August","5.5 inches, 83.4 cm2 (~73.3% screen-to-body ratio)","1080 x 1920 pixels, 16:9 ratio (~401 ppi density)","Android 6.0.1 (Marshmallow), upgradable to 7.0 (Nougat)",Exynos 7870 Octa,"16/32 GB, 3 GB RAM","13 MP, f/1.9, 28mm, AF","8 MP, f/1.9",167 g (5.89 oz),3300 mAh,https://www.gsmarena.com/samsung_galaxy_j7_prime-8314.php#g610f
"Samsung Galaxy Note9 Factory Unlocked Phone with 6.4"" Screen and 128GB (U.S. Warranty), Ocean Blue",B07FZH9BGV,"2018, August","6.4 inches, 103.2 cm2 (~83.4% screen-to-body ratio)","1440 x 2960 pixels, 18.5:9 ratio (~516 ppi density)",Android 8.1 (Oreo),Qualcomm SDM845 Snapdragon 845,"512 GB, 8 GB RAM or 128 GB, 6 GB RAM","12 MP, f/1.5-2.4, 26mm, 1/2.55"", 1.4ÃƒÆ’Ã¢â‚¬Å¡Ãƒâ€šÃ‚Âµm, dual pixel PDAF, OIS
12 MP, f/2.4, 52mm, 1/3.4"", 1ÃƒÆ’Ã¢â‚¬Å¡Ãƒâ€šÃ‚Âµm, AF, OIS, 2x optical zoom","8 MP, f/1.7, 25mm, 1/3.6"", 1.22ÃƒÆ’Ã¢â‚¬Å¡Ãƒâ€šÃ‚Âµm, AF",201 g (7.09 oz),4000 mAh,https://www.gsmarena.com/samsung_galaxy_note9-9163.php
Samsung Galaxy S8+ Unlocked 64GB - US Version (Midnight Black) - US Warranty,B06Y16RL4W,"2017, March","6.2 inches, 98.3 cm2 (~84.0% screen-to-body ratio)","1440 x 2960 pixels, 18.5:9 ratio (~529 ppi density)","Android 7.0 (Nougat), upgradable to Android 8.0 (Oreo)",Qualcomm MSM8998 Snapdragon 835,"128 GB, 6 GB RAM or 64 GB, 4 GB RAM","12 MP, f/1.7, 26mm, 1/2.5"", 1.4ÃƒÆ’Ã¢â‚¬Å¡Ãƒâ€šÃ‚Âµm, OIS, dual pixel PDAF","8 MP, f/1.7, 25mm, 1/3.6"", 1.22ÃƒÆ’Ã¢â‚¬Å¡Ãƒâ€šÃ‚Âµm, AF",173 g (6.10 oz),3500 mAh,https://www.gsmarena.com/samsung_galaxy_s8+-8523.php#g955u
Samsung Galaxy S7 G930A 32GB Black Onyx - Unlocked GSM (Certified Refurbished),B01F482BTK,"2016, February","5.1 inches, 71.5 cm2 (~72.1% screen-to-body ratio)","1440 x 2560 pixels, 16:9 ratio (~577 ppi density)","Android 6.0 (Marshmallow), upgradable to Android 8.0 (Oreo)",Exynos 8890 Octa,"32/64 GB, 4 GB RAM","12 MP, f/1.7, 26mm, 1/2.5"", 1.4ÃƒÆ’Ã¢â‚¬Å¡Ãƒâ€šÃ‚Âµm, Dual Pixel PDAF, OIS","5 MP, f/1.7, 22mm, 1/4.1"", 1.34ÃƒÆ’Ã¢â‚¬Å¡Ãƒâ€šÃ‚Âµm",152 g (5.36 oz),3000 mAh,https://www.gsmarena.com/samsung_galaxy_s7-7821.php#g930f
"Samsung Galaxy J7 Prime (32GB) G610F/DS - 5.5"" Dual SIM Unlocked Phone with Finger Print Sensor (Black)",B01N4WGN48,"2016, August","5.5 inches, 83.4 cm2 (~73.3% screen-to-body ratio)","1080 x 1920 pixels, 16:9 ratio (~401 ppi density)","Android 6.0.1 (Marshmallow), upgradable to 7.0 (Nougat)",Exynos 7870 Octa,"16/32 GB, 3 GB RAM","13 MP, f/1.9, 28mm, AF","8 MP, f/1.9",167 g (5.89 oz),3300 mAh,https://www.gsmarena.com/samsung_galaxy_j7_prime-8314.php#g610f
"Samsung Galaxy J7 Neo (16GB) J701M/DS - 5.5"", Android 7.0, Dual SIM Unlocked Smartphone, International Model - Black  ",B074FS49WS,"2017, July","5.5 inches, 83.4 cm2 (~69.6% screen-to-body ratio)","720 x 1280 pixels, 16:9 ratio (~267 ppi density)","Android 7.0 (Nougat), planned upgrade to Android 8.0 (Oreo)",Exynos 7870 Octa,"16 GB, 2 GB RAM","13 MP, f/1.9, 28mm, AF","5 MP, f/2.2, 23mm",170 g (6.00 oz),3000 mAh,https://www.gsmarena.com/samsung_galaxy_j7_nxt-8785.php
"Apple iPhone 6 GSM Unlocked, 16 GB - Gold (Certified Refurbished) ",B00YD545CC,"2014, September","4.7 inches, 60.9 cm2 (~65.8% screen-to-body ratio)","750 x 1334 pixels, 16:9 ratio (~326 ppi density)","iOS 8, upgradable to iOS 11.4.1",Apple A8,"16/32/64/128 GB, 1 GB RAM DDR3","8 MP, f/2.2, 29mm, 1/3"", 1.5ÃƒÆ’Ã¢â‚¬Å¡Ãƒâ€šÃ‚Âµm, PDAF","1.2 MP, f/2.2, 31mm",129 g (4.55 oz),1810 mAh,https://www.gsmarena.com/apple_iphone_6-6378.php
Moto X (4th Generation) - with hands-free Amazon Alexa ÃƒÆ’Ã‚Â¢ÃƒÂ¢Ã¢â‚¬Å¡Ã‚Â¬ÃƒÂ¢Ã¢â€šÂ¬Ã…â€œ 32 GB - Unlocked ÃƒÆ’Ã‚Â¢ÃƒÂ¢Ã¢â‚¬Å¡Ã‚Â¬ÃƒÂ¢Ã¢â€šÂ¬Ã…â€œ Super Black - Prime Exclusive,B077YNYFPD,"2017, August","5.2 inches, 74.5 cm2 (~68.4% screen-to-body ratio)","1080 x 1920 pixels, 16:9 ratio (~424 ppi density)","Android 7.1 (Nougat), upgradable to Android 8.1 (Oreo); Android One",Qualcomm SDM630 Snapdragon 630,"64 GB, 4/6 GB RAM or 32 GB, 3 GB RAM","12 MP, f/2.0, 1.4ÃƒÆ’Ã¢â‚¬Å¡Ãƒâ€šÃ‚Âµm, dual pixel PDAF
8 MP, f/2.2, 1.12ÃƒÆ’Ã¢â‚¬Å¡Ãƒâ€šÃ‚Âµm, no AF","16 MP, f/2.0, 1.0ÃƒÆ’Ã¢â‚¬Å¡Ãƒâ€šÃ‚Âµm",163 g (5.75 oz),3000 mAh,https://www.gsmarena.com/motorola_moto_x4-8634.php#xt1900-1
"Apple iPhone 6S, Fully Unlocked, 16GB - Rose Gold (Certified Refurbished)",B06XRG6S73,"2015, September","4.7 inches, 60.9 cm2 (~65.6% screen-to-body ratio)","750 x 1334 pixels, 16:9 ratio (~326 ppi density)","iOS 9, upgradable to iOS 11.4.1",Apple A9,"16/32/64/128 GB, 2 GB RAM","12 MP, f/2.2, 29mm, 1/3"", 1.22ÃƒÆ’Ã¢â‚¬Å¡Ãƒâ€šÃ‚Âµm, PDAF","5 MP, f/2.2, 31mm",143 g (5.04 oz),1715 mAh,https://www.gsmarena.com/apple_iphone_6s-7242.php
"BLU Advance 5.2 - Unlocked Smartphone - 5.2"" Display, 8GB +1GB RAM -Black",B076MM5LM7,,,,,,,,,,,
Moto G6 ÃƒÆ’Ã‚Â¢ÃƒÂ¢Ã¢â‚¬Å¡Ã‚Â¬ÃƒÂ¢Ã¢â€šÂ¬Ã…â€œ 32 GB ÃƒÆ’Ã‚Â¢ÃƒÂ¢Ã¢â‚¬Å¡Ã‚Â¬ÃƒÂ¢Ã¢â€šÂ¬Ã…â€œ Unlocked (AT&T/Sprint/T-Mobile/Verizon) ÃƒÆ’Ã‚Â¢ÃƒÂ¢Ã¢â‚¬Å¡Ã‚Â¬ÃƒÂ¢Ã¢â€šÂ¬Ã…â€œ Oyster Blush - Prime Exclusive Phone,B07CFMSWXD,"2018, April","5.7 inches, 83.8 cm2 (~75.4% screen-to-body ratio)","1080 x 2160 pixels, 18:9 ratio (~424 ppi density)",Android 8.0 (Oreo),Qualcomm SDM450 Snapdragon 450,"64 GB, 4 GB RAM or 32 GB, 3 GB RAM","12 MP, f/1.8, 1.4ÃƒÆ’Ã¢â‚¬Å¡Ãƒâ€šÃ‚Âµm, PDAF
5 MP, f/2.2, depth sensor","8 MP or 16 MP, f/2.2",167 g (5.89 oz),3000 mAh,https://www.gsmarena.com/motorola_moto_g6-9000.php
"BlackBerry KEY2 Black Unlocked Android Smartphone (AT&T/T-Mobile) 4G LTE, 64GB",B07D7TJQ83,"2018, June","4.5 inches, 60.0 cm2 (~55.2% screen-to-body ratio)","1080 x 1620 pixels, 3:2 ratio (~434 ppi density)",Android 8.1 (Oreo),Qualcomm SDM660 Snapdragon 660,"64/128 GB, 6 GB RAM","12 MP, f/1.8, 1/2.3"", 1.28ÃƒÆ’Ã¢â‚¬Å¡Ãƒâ€šÃ‚Âµm, dual pixel PDAF
12 MP, f/2.6, 1.0ÃƒÆ’Ã¢â‚¬Å¡Ãƒâ€šÃ‚Âµm, PDAF","8 MP, f/2.0, 1.12ÃƒÆ’Ã¢â‚¬Å¡Ãƒâ€šÃ‚Âµm",168 g (5.93 oz),3500 mAh,https://www.gsmarena.com/blackberry_key2-9187.php#bbf100-2
Huawei P20 Lite ANE-LX3 32GB + 4GB Dual SIM LTE Factory Unlocked Smartphone (Klein Blue),B07C5HH17G,"2018, March","5.84 inches, 85.1 cm2 (~80.5% screen-to-body ratio)","1080 x 2280 pixels, 19:9 ratio (~432 ppi density)",Android 8.0 (Oreo),HiSilicon Kirin 659,"32/64 GB, 4 GB RAM or 128 GB (China, Malaysia)","16 MP, f/2.2, 1.0ÃƒÆ’Ã¢â‚¬Å¡Ãƒâ€šÃ‚Âµm, PDAF
2 MP, depth sensor","16 MP, f/2.0, 28mm, 1.12ÃƒÆ’Ã¢â‚¬Å¡Ãƒâ€šÃ‚Âµm
24 MP, f/2.0 (AL00 for India; TL00 for China)",145 g (5.11 oz),3000 mAh,https://www.gsmarena.com/huawei_p20_lite-9098.php#p20-lite
"Apple iPhone SE A1662 GSM Unlocked Phone, 16GB, Rose Gold (Certified Refurbished)",B01GXAT0CE,"2016, March","4.0 inches, 44.1 cm2 (~60.8% screen-to-body ratio)","640 x 1136 pixels, 16:9 ratio (~326 ppi density)","iOS 9.3.2, upgradable to iOS 11.4.1",Apple A9,"16/32/64/128 GB, 2 GB RAM","12 MP, f/2.2, 29mm, 1/3"", 1.22ÃƒÆ’Ã¢â‚¬Å¡Ãƒâ€šÃ‚Âµm, PDAF","1.2 MP, f/2.4, 31mm",113 g (3.99 oz),1624 mAh,https://www.gsmarena.com/apple_iphone_se-7969.php
"Samsung Galaxy J7 Neo (16GB) J701M/DS - 5.5"", Android 7.0, Dual SIM Unlocked Smartphone, International Model (Silver)",B074FS1FW9,"2017, July","5.5 inches, 83.4 cm2 (~69.6% screen-to-body ratio)","720 x 1280 pixels, 16:9 ratio (~267 ppi density)","Android 7.0 (Nougat), planned upgrade to Android 8.0 (Oreo)",Exynos 7870 Octa,"16 GB, 2 GB RAM","13 MP, f/1.9, 28mm, AF","5 MP, f/2.2, 23mm",170 g (6.00 oz),3000 mAh,https://www.gsmarena.com/samsung_galaxy_j7_nxt-8785.php
"Nokia 2 - Android - 8GB - Dual SIM Unlocked Smartphone (AT&T/T-Mobile/MetroPCS/Cricket/H2O) - 5"" Screen - Black - U.S. Warranty",B075FLG6MV,"2017, October","5.0 inches, 68.9 cm2 (~67.4% screen-to-body ratio)","720 x 1280 pixels, 16:9 ratio (~294 ppi density)","Android 7.1.1 (Nougat), planned upgrade to Android 8.1 (Oreo)",Qualcomm MSM8909v2 Snapdragon 212,"8 GB, 1 GB RAM","8 MP, AF",5 MP,161 g (5.68 oz),4100 mAh,https://www.gsmarena.com/nokia_2-8513.php
Samsung Galaxy J7 Prime Factory Unlocked Phone Dual Sim - 32GB -Pink Gold ÃƒÆ’Ã‚Â¢ÃƒÂ¢Ã¢â‚¬Å¡Ã‚Â¬Ãƒâ€šÃ‚Â¦,B01N21FV6R,"2016, August","5.5 inches, 83.4 cm2 (~73.3% screen-to-body ratio)","1080 x 1920 pixels, 16:9 ratio (~401 ppi density)","Android 6.0.1 (Marshmallow), upgradable to 7.0 (Nougat)",Exynos 7870 Octa,"16/32 GB, 3 GB RAM","13 MP, f/1.9, 28mm, AF","8 MP, f/1.9",167 g (5.89 oz),3300 mAh,https://www.gsmarena.com/samsung_galaxy_j7_prime-8314.php#g610f
"Apple iPhone 6S 64GB GSM Unlocked, Rose Gold (Certified Refurbished)",B01CR1FQMG,"2015, September","4.7 inches, 60.9 cm2 (~65.6% screen-to-body ratio)","750 x 1334 pixels, 16:9 ratio (~326 ppi density)","iOS 9, upgradable to iOS 11.4.1",Apple A9,"16/32/64/128 GB, 2 GB RAM","12 MP, f/2.2, 29mm, 1/3"", 1.22ÃƒÆ’Ã¢â‚¬Å¡Ãƒâ€šÃ‚Âµm, PDAF","5 MP, f/2.2, 31mm",143 g (5.04 oz),1715 mAh,https://www.gsmarena.com/apple_iphone_6s-7242.php
"Apple iPhone 6, Fully Unlocked, 64GB - Silver (Certified Refurbished)",B01C62I49I,"2014, September","4.7 inches, 60.9 cm2 (~65.8% screen-to-body ratio)","750 x 1334 pixels, 16:9 ratio (~326 ppi density)","iOS 8, upgradable to iOS 11.4.1",Apple A8,"16/32/64/128 GB, 1 GB RAM DDR3","8 MP, f/2.2, 29mm, 1/3"", 1.5ÃƒÆ’Ã¢â‚¬Å¡Ãƒâ€šÃ‚Âµm, PDAF","1.2 MP, f/2.2, 31mm",129 g (4.55 oz),1810 mAh,https://www.gsmarena.com/apple_iphone_6-6378.php
"Samsung Galaxy Note9 Factory Unlocked Phone with 6.4"" Screen and 512GB (U.S. Warranty), Ocean Blue",B07FZHHQB8,"2018, August","6.4 inches, 103.2 cm2 (~83.4% screen-to-body ratio)","1440 x 2960 pixels, 18.5:9 ratio (~516 ppi density)",Android 8.1 (Oreo),Qualcomm SDM845 Snapdragon 845,"512 GB, 8 GB RAM or 128 GB, 6 GB RAM","12 MP, f/1.5-2.4, 26mm, 1/2.55"", 1.4ÃƒÆ’Ã¢â‚¬Å¡Ãƒâ€šÃ‚Âµm, dual pixel PDAF, OIS
12 MP, f/2.4, 52mm, 1/3.4"", 1ÃƒÆ’Ã¢â‚¬Å¡Ãƒâ€šÃ‚Âµm, AF, OIS, 2x optical zoom","8 MP, f/1.7, 25mm, 1/3.6"", 1.22ÃƒÆ’Ã¢â‚¬Å¡Ãƒâ€šÃ‚Âµm, AF",201 g (7.09 oz),4000 mAh,https://www.gsmarena.com/samsung_galaxy_note9-9163.php
"Apple iPhone 6S, Fully Unlocked, 64GB - Rose Gold (Certified Refurbished)",B06XRJQX91,"2015, September","4.7 inches, 60.9 cm2 (~65.6% screen-to-body ratio)","750 x 1334 pixels, 16:9 ratio (~326 ppi density)","iOS 9, upgradable to iOS 11.4.1",Apple A9,"16/32/64/128 GB, 2 GB RAM","12 MP, f/2.2, 29mm, 1/3"", 1.22ÃƒÆ’Ã¢â‚¬Å¡Ãƒâ€šÃ‚Âµm, PDAF","5 MP, f/2.2, 31mm",143 g (5.04 oz),1715 mAh,https://www.gsmarena.com/apple_iphone_6s-7242.php
"BLU R1 HD 2018 Factory Unlocked Phone - 5.2"" - 16GB - Black (U.S. Warranty)",B07C1VRLMT,"2016, June","5.0 inches, 68.9 cm2 (~66.7% screen-to-body ratio)","720 x 1280 pixels, 16:9 ratio (~294 ppi density)",Android 6.0 (Marshmallow),Mediatek MT6735,"16 GB, 2 GB RAM or 8 GB, 1 GB RAM","8 MP, f/2.0, 1/4"", 1.12ÃƒÆ’Ã¢â‚¬Å¡Ãƒâ€šÃ‚Âµm, AF",5 MP,142 g (5.01 oz),2500 mAh,https://www.gsmarena.com/blu_r1_hd-8171.php
Samsung Galaxy S8 64GB Unlocked Phone - International Version (Midnight Black),B06Y137TLR,"2017, March","5.8 inches, 84.8 cm2 (~83.6% screen-to-body ratio)","1440 x 2960 pixels, 18.5:9 ratio (~570 ppi density)","Android 7.0 (Nougat), upgradable to Android 8.0 (Oreo)",Qualcomm MSM8998 Snapdragon 835,"64 GB, 4 GB RAM","12 MP, f/1.7, 26mm, 1/2.5"", 1.4ÃƒÆ’Ã¢â‚¬Å¡Ãƒâ€šÃ‚Âµm, OIS, dual pixel PDAF","8 MP, f/1.7, 25mm, 1/3.6"", 1.22ÃƒÆ’Ã¢â‚¬Å¡Ãƒâ€šÃ‚Âµm, AF",155 g (5.47 oz),3000 mAh,https://www.gsmarena.com/samsung_galaxy_s8-8161.php#g950u
BLU Advance A6 -Unlocked Dual Sim Smartphone - 6.0ÃƒÆ’Ã‚Â¢ÃƒÂ¢Ã¢â‚¬Å¡Ã‚Â¬Ãƒâ€šÃ‚Â HD Display -Rose Gold,B07FDSYPR9,,,,,,,,,,,
"Motorola MOTO G4 Play (4th Generation) 4G LTE Factory Unlocked Phone, 16GB, Black",B01MFDM6QE,"2016, May","5.0 inches, 68.9 cm2 (~66.3% screen-to-body ratio)","720 x 1280 pixels, 16:9 ratio (~294 ppi density)","Android 6.0.1 (Marshmallow), upgradable to 7.1.1 (Nougat)",Qualcomm MSM8916 Snapdragon 410,"8/16 GB, 1/2 GB RAM","8 MP, AF, f/2.2","5 MP, f/2.2",137 g (4.83 oz),2800 mAh,https://www.gsmarena.com/motorola_moto_g4_play-8104.php#xt1607
LG B470 Flip Phone Unlocked GSM 3G AT&T Unlocked (NOT CDMA Carriers like Verizon Sprint Boost Mobile Virgin),B01N3PIIZW,,,,,,,,,,,
"Samsung Galaxy J2 Prime (16GB) 5.0"" 4G LTE GSM Dual SIM Factory Unlocked International Version, No Warranty G532M/DS (Gold)",B079J4PYXN,"2016, November","5.0 inches, 68.9 cm2 (~66.0% screen-to-body ratio)","540 x 960 pixels, 16:9 ratio (~220 ppi density)",Android 6.0 (Marshmallow),Mediatek MT6737T,"8 GB, 1.5 GB RAM","8 MP, AF, f/2.2","5 MP, f/2.2",160 g (5.64 oz),2600 mAh,https://www.gsmarena.com/samsung_galaxy_j2_prime-8424.php#g532mds
Apple iPhone 6S 64GB - GSM Unlocked - Space Gray (Certified Refurbished),B01CR1AA90,"2015, September","4.7 inches, 60.9 cm2 (~65.6% screen-to-body ratio)","750 x 1334 pixels, 16:9 ratio (~326 ppi density)","iOS 9, upgradable to iOS 11.4.1",Apple A9,"16/32/64/128 GB, 2 GB RAM","12 MP, f/2.2, 29mm, 1/3"", 1.22ÃƒÆ’Ã¢â‚¬Å¡Ãƒâ€šÃ‚Âµm, PDAF","5 MP, f/2.2, 31mm",143 g (5.04 oz),1715 mAh,https://www.gsmarena.com/apple_iphone_6s-7242.php
"Huawei P20 Lite ANE-LX3 32GB + 4GB, 5.84"" Dual SIM LTE Factory Unlocked Smartphone - International Model - No Warranty (Midnight Black)",B07C5B98V7,"2018, March","5.84 inches, 85.1 cm2 (~80.5% screen-to-body ratio)","1080 x 2280 pixels, 19:9 ratio (~432 ppi density)",Android 8.0 (Oreo),HiSilicon Kirin 659,"32/64 GB, 4 GB RAM or 128 GB (China, Malaysia)","16 MP, f/2.2, 1.0ÃƒÆ’Ã¢â‚¬Å¡Ãƒâ€šÃ‚Âµm, PDAF
2 MP, depth sensor","16 MP, f/2.0, 28mm, 1.12ÃƒÆ’Ã¢â‚¬Å¡Ãƒâ€šÃ‚Âµm
24 MP, f/2.0 (AL00 for India; TL00 for China)",145 g (5.11 oz),3000 mAh,https://www.gsmarena.com/huawei_p20_lite-9098.php#p20-lite
Moto Z3 Play ÃƒÆ’Ã‚Â¢ÃƒÂ¢Ã¢â‚¬Å¡Ã‚Â¬ÃƒÂ¢Ã¢â€šÂ¬Ã…â€œ 64 GB ÃƒÆ’Ã‚Â¢ÃƒÂ¢Ã¢â‚¬Å¡Ã‚Â¬ÃƒÂ¢Ã¢â€šÂ¬Ã…â€œ Unlocked (AT&T/Sprint/T-Mobile/Verizon) ÃƒÆ’Ã‚Â¢ÃƒÂ¢Ã¢â‚¬Å¡Ã‚Â¬ÃƒÂ¢Ã¢â€šÂ¬Ã…â€œ Deep Indigo ÃƒÆ’Ã‚Â¢ÃƒÂ¢Ã¢â‚¬Å¡Ã‚Â¬ÃƒÂ¢Ã¢â€šÂ¬Ã…â€œ Prime Exclusive Phone,B07C37RCF4,"2018, June","6.01 inches, 93.2 cm2 (~77.9% screen-to-body ratio)","1080 x 2160 pixels, 18:9 ratio (~402 ppi density)",Android 8.1 (Oreo),Qualcomm SDM636 Snapdragon 636,"128 GB, 6 GB RAM (Brazil only) or 32/64 GB, 4 GB RAM","12 MP, f/1.7, 1.4ÃƒÆ’Ã¢â‚¬Å¡Ãƒâ€šÃ‚Âµm, dual pixel PDAF
5 MP, depth sensor","8 MP, f/2.0, 24mm, 1.12ÃƒÆ’Ã¢â‚¬Å¡Ãƒâ€šÃ‚Âµm",156 g (5.50 oz),3000 mAh,https://www.gsmarena.com/motorola_moto_z3_play-9003.php
"Apple iPhone 6, Fully Unlocked, 16GB - Space Gray (Certified Refurbished)",B06XRGN22N,"2014, September","4.7 inches, 60.9 cm2 (~65.8% screen-to-body ratio)","750 x 1334 pixels, 16:9 ratio (~326 ppi density)","iOS 8, upgradable to iOS 11.4.1",Apple A8,"16/32/64/128 GB, 1 GB RAM DDR3","8 MP, f/2.2, 29mm, 1/3"", 1.5ÃƒÆ’Ã¢â‚¬Å¡Ãƒâ€šÃ‚Âµm, PDAF","1.2 MP, f/2.2, 31mm",129 g (4.55 oz),1810 mAh,https://www.gsmarena.com/apple_iphone_6-6378.php
"Samsung Galaxy J3 4G LTE 7.0 Nougat 5"" GSM Unlocked - Black",B078KN66TJ,"2017, June","5.0 inches, 68.9 cm2 (~68.5% screen-to-body ratio)","720 x 1280 pixels, 16:9 ratio (~294 ppi density)",Android 7.0 (Nougat),Exynos 7570 Quad,"16 GB, 2 GB RAM","13 MP, AF, f/1.9","5 MP, f/2.2",142 g (5.01 oz),2400 mAh,https://www.gsmarena.com/samsung_galaxy_j3_(2017)-8438.php
Samsung Galaxy S7 SM-G930T - 32GB - GSM Unlocked - Black Onyx (Certified Refurbished),B075MSP5LH,"2016, February","5.1 inches, 71.5 cm2 (~72.1% screen-to-body ratio)","1440 x 2560 pixels, 16:9 ratio (~577 ppi density)","Android 6.0 (Marshmallow), upgradable to Android 8.0 (Oreo)",Exynos 8890 Octa,"32/64 GB, 4 GB RAM","12 MP, f/1.7, 26mm, 1/2.5"", 1.4ÃƒÆ’Ã¢â‚¬Å¡Ãƒâ€šÃ‚Âµm, Dual Pixel PDAF, OIS","5 MP, f/1.7, 22mm, 1/4.1"", 1.34ÃƒÆ’Ã¢â‚¬Å¡Ãƒâ€šÃ‚Âµm",152 g (5.36 oz),3000 mAh,https://www.gsmarena.com/samsung_galaxy_s7-7821.php#g930f
"Apple iPhone 7 Plus, GSM Unlocked, 32GB - Black (Certified Refurbished)",B01NB1FOM3,"2016, September","5.5 inches, 83.4 cm2 (~67.7% screen-to-body ratio)","1080 x 1920 pixels, 16:9 ratio (~401 ppi density)","iOS 10.0.1, upgradable to iOS 11.4.1",Apple A10 Fusion,"32/128/256 GB, 3 GB RAM","12 MP, f/1.8, 28mm, 1/3"", OIS, PDAF
12 MP, f/2.8, 56mm, 1/3.6"", 2x optical zoom, AF","7 MP, f/2.2, 32mm",188 g (6.63 oz),2900 mAh,https://www.gsmarena.com/apple_iphone_7_plus-8065.php
Moto X (4th Generation) - with hands-free Amazon Alexa ÃƒÆ’Ã‚Â¢ÃƒÂ¢Ã¢â‚¬Å¡Ã‚Â¬ÃƒÂ¢Ã¢â€šÂ¬Ã…â€œ 32 GB - Unlocked ÃƒÆ’Ã‚Â¢ÃƒÂ¢Ã¢â‚¬Å¡Ã‚Â¬ÃƒÂ¢Ã¢â€šÂ¬Ã…â€œ Sterling Blue - Prime Exclusive,B077RNH9HT,"2017, August","5.2 inches, 74.5 cm2 (~68.4% screen-to-body ratio)","1080 x 1920 pixels, 16:9 ratio (~424 ppi density)","Android 7.1 (Nougat), upgradable to Android 8.1 (Oreo); Android One",Qualcomm SDM630 Snapdragon 630,"64 GB, 4/6 GB RAM or 32 GB, 3 GB RAM","12 MP, f/2.0, 1.4ÃƒÆ’Ã¢â‚¬Å¡Ãƒâ€šÃ‚Âµm, dual pixel PDAF
8 MP, f/2.2, 1.12ÃƒÆ’Ã¢â‚¬Å¡Ãƒâ€šÃ‚Âµm, no AF","16 MP, f/2.0, 1.0ÃƒÆ’Ã¢â‚¬Å¡Ãƒâ€šÃ‚Âµm",163 g (5.75 oz),3000 mAh,https://www.gsmarena.com/motorola_moto_x4-8634.php#xt1900-1
"Xiaomi Redmi Note 5 32GB ROM + 3GB RAM, Dual Camera, Unlocked Smartphone - International Version (Black)",B07CZS8W5Y,"2018, February","5.99 inches, 92.6 cm2 (~77.4% screen-to-body ratio)","1080 x 2160 pixels, 18:9 ratio (~403 ppi density)","Android 7.1.2 (Nougat), upgradable to Android 8.1 (Oreo)",Qualcomm MSM8953 Snapdragon 625,"64 GB, 4 GB RAM or 32 GB, 3 GB RAM","12 MP, f/2.2, 1.25 ÃƒÆ’Ã…Â½Ãƒâ€šÃ‚Â¼m, dual pixel PDAF",5 MP,180 g (6.35 oz),4000 mAh,https://www.gsmarena.com/xiaomi_redmi_note_5_(redmi_5_plus)-8959.php#redmi-note-5
"BLU Grand XL - Unlocked Smartphone -5.5"" Display, 8GB +1GB RAM -Gold",B077PWNJN9,"2017, June","5.5 inches, 83.4 cm2 (~67.4% screen-to-body ratio)","720 x 1280 pixels, 16:9 ratio (~267 ppi density)",Android 7.0 (Nougat),Mediatek MT6580,"8 GB, 1 GB RAM","8 MP, AF",5 MP,187 g (6.60 oz),2650 mAh,https://www.gsmarena.com/blu_grand_xl-8731.php
BLU Tank II T193 Unlocked GSM Dual-SIM Cell Phone w/Camera and 1900 mAh Big Battery - Unlocked Cell Phones - Retail Packaging - Black Blue,B00O5EUBSI,,,,,,,,,,,
BRAND NEW APPLE IPHONE SE 32GB - AT&T (LOCKED) - GRAY - INCLUDES APPLE WARRANTY,B075X4DCW3,"2016, March","4.0 inches, 44.1 cm2 (~60.8% screen-to-body ratio)","640 x 1136 pixels, 16:9 ratio (~326 ppi density)","iOS 9.3.2, upgradable to iOS 11.4.1",Apple A9,"16/32/64/128 GB, 2 GB RAM","12 MP, f/2.2, 29mm, 1/3"", 1.22ÃƒÆ’Ã¢â‚¬Å¡Ãƒâ€šÃ‚Âµm, PDAF","1.2 MP, f/2.4, 31mm",113 g (3.99 oz),1624 mAh,https://www.gsmarena.com/apple_iphone_se-7969.php
BLU R1 HD Cell Phone 16GB - Black,B01H2E0KVA,"2016, June","5.0 inches, 68.9 cm2 (~66.7% screen-to-body ratio)","720 x 1280 pixels, 16:9 ratio (~294 ppi density)",Android 6.0 (Marshmallow),Mediatek MT6735,"16 GB, 2 GB RAM or 8 GB, 1 GB RAM","8 MP, f/2.0, 1/4"", 1.12ÃƒÆ’Ã¢â‚¬Å¡Ãƒâ€šÃ‚Âµm, AF",5 MP,142 g (5.01 oz),2500 mAh,https://www.gsmarena.com/blu_r1_hd-8171.php
"Xiaomi Redmi Note 5 64GB Black, Dual Sim, 4GB RAM, 5.99"", GSM Unlocked Global Version, No Warranty (Black)",B07D82MTZL,"2018, February","5.99 inches, 92.6 cm2 (~77.4% screen-to-body ratio)","1080 x 2160 pixels, 18:9 ratio (~403 ppi density)","Android 7.1.2 (Nougat), upgradable to Android 8.1 (Oreo)",Qualcomm MSM8953 Snapdragon 625,"64 GB, 4 GB RAM or 32 GB, 3 GB RAM","12 MP, f/2.2, 1.25 ÃƒÆ’Ã…Â½Ãƒâ€šÃ‚Â¼m, dual pixel PDAF",5 MP,180 g (6.35 oz),4000 mAh,https://www.gsmarena.com/xiaomi_redmi_note_5_(redmi_5_plus)-8959.php#redmi-note-5
"Apple iPhone 6S, Fully Unlocked, 16GB - Space Gray (Certified Refurbished)",B06XRHRNY3,"2015, September","4.7 inches, 60.9 cm2 (~65.6% screen-to-body ratio)","750 x 1334 pixels, 16:9 ratio (~326 ppi density)","iOS 9, upgradable to iOS 11.4.1",Apple A9,"16/32/64/128 GB, 2 GB RAM","12 MP, f/2.2, 29mm, 1/3"", 1.22ÃƒÆ’Ã¢â‚¬Å¡Ãƒâ€šÃ‚Âµm, PDAF","5 MP, f/2.2, 31mm",143 g (5.04 oz),1715 mAh,https://www.gsmarena.com/apple_iphone_6s-7242.php
Apple iPhone 5C White 16GB Unlocked GSM Smartphone (Certified Refurbished),B00YD53QAE,"2013, September","4.0 inches, 44.1 cm2 (~59.9% screen-to-body ratio)","640 x 1136 pixels, 16:9 ratio (~326 ppi density)","iOS 7, upgradable to iOS 10.3.3",Apple A6,"8/16/32 GB, 1 GB RAM","8 MP, f/2.4, 33mm, 1/3.2"", 1.4ÃƒÆ’Ã¢â‚¬Å¡Ãƒâ€šÃ‚Âµm, AF",1.2 MP,132 g (4.66 oz),1510 mAh,https://www.gsmarena.com/apple_iphone_5c-5690.php
"Apple iPhone 7 , Fully Unlocked, 32GB - Rose Gold (Certified Refurbished)",B0731HBTZ7,"2016, September","4.7 inches, 60.9 cm2 (~65.6% screen-to-body ratio)","750 x 1334 pixels, 16:9 ratio (~326 ppi density)","iOS 10.0.1, upgradable to iOS 11.4.1",Apple A10 Fusion,"32/128/256 GB, 2 GB RAM","12 MP, f/1.8, 28mm, 1/3"", OIS, PDAF","7 MP, f/2.2, 32mm",138 g (4.87 oz),1960 mAh,https://www.gsmarena.com/apple_iphone_7-8064.php
Samsung Galaxy S9 Unlocked Smartphone - Coral Blue - US Warranty,B079JSZ1Z2,"2018, February","5.8 inches, 84.8 cm2 (~83.6% screen-to-body ratio)","1440 x 2960 pixels, 18.5:9 ratio (~570 ppi density)",Android 8.0 (Oreo),Qualcomm SDM845 Snapdragon 845,"64/128/256 GB, 4 GB RAM","12 MP, f/1.5-2.4, 26mm, 1/2.5"", 1.4ÃƒÆ’Ã¢â‚¬Å¡Ãƒâ€šÃ‚Âµm, OIS, dual pixel PDAF","8 MP, f/1.7, 25mm, 1/3.6"", 1.22ÃƒÆ’Ã¢â‚¬Å¡Ãƒâ€šÃ‚Âµm, AF",163 g (5.75 oz),3000 mAh,https://www.gsmarena.com/samsung_galaxy_s9-8966.php#g960u
Apple iPhone 6 a1549 16GB Space Gray Unlocked (Certified Refurbished),B00YD547Q6,"2014, September","4.7 inches, 60.9 cm2 (~65.8% screen-to-body ratio)","750 x 1334 pixels, 16:9 ratio (~326 ppi density)","iOS 8, upgradable to iOS 11.4.1",Apple A8,"16/32/64/128 GB, 1 GB RAM DDR3","8 MP, f/2.2, 29mm, 1/3"", 1.5ÃƒÆ’Ã¢â‚¬Å¡Ãƒâ€šÃ‚Âµm, PDAF","1.2 MP, f/2.2, 31mm",129 g (4.55 oz),1810 mAh,https://www.gsmarena.com/apple_iphone_6-6378.php
"BLU Grand XL - Unlocked Smartphone -5.5"" Display, 8GB +1GB RAM -Rose Gold",B074ZRWD4C,"2017, June","5.5 inches, 83.4 cm2 (~67.4% screen-to-body ratio)","720 x 1280 pixels, 16:9 ratio (~267 ppi density)",Android 7.0 (Nougat),Mediatek MT6580,"8 GB, 1 GB RAM","8 MP, AF",5 MP,187 g (6.60 oz),2650 mAh,https://www.gsmarena.com/blu_grand_xl-8731.php
"Motorola Moto G6 Factory Unlocked Phone - 5.7"" Screen - 32GB - Black (U.S. Warranty)",B079Z792J7,"2018, April","5.7 inches, 83.8 cm2 (~75.4% screen-to-body ratio)","1080 x 2160 pixels, 18:9 ratio (~424 ppi density)","Android 8.0 (Oreo), planned upgrade to Android 9.0 (Pie)",Qualcomm SDM450 Snapdragon 450,"64 GB, 4 GB RAM or 32 GB, 3 GB RAM","12 MP, f/1.8, 1.4ÃƒÆ’Ã¢â‚¬Å¡Ãƒâ€šÃ‚Âµm, PDAF
5 MP, f/2.2, depth sensor","8 MP or 16 MP, f/2.2",167 g (5.89 oz),3000 mAh,https://www.gsmarena.com/motorola_moto_g6-9000.php
"NUU Mobile G3 5.7"" 64GB Unlocked Cell Phone - 4GB Ram Dual-SIM GSM 4G LTE - Dual Camera 13 MP Fingerprint ID Fast Charge",B079MBRDNN,,,,,,,,,,,
"Huawei Mate 10 Pro Unlocked Phone, 6"" 6GB/128GB, AI Processor, Dual Leica Camera, Water Resistant IP67, GSM Only - Mocha Brown (US Warranty)",B07C6FCC8G,"2017, October","6.0 inches, 92.9 cm2 (~80.9% screen-to-body ratio)","1080 x 2160 pixels, 18:9 ratio (~402 ppi density)",Android 8.0 (Oreo),HiSilicon Kirin 970,"128 GB, 6 GB RAM or 64 GB, 4 GB RAM","12 MP, f/1.6, 27mm, 1/2.9"", 1.25ÃƒÆ’Ã¢â‚¬Å¡Ãƒâ€šÃ‚Âµm, OIS, PDAF & laser AF
20 MP B/W, f/1.6, 27mm, 2x lossless zoom, OIS, PDAF & laser AF","8 MP, f/2.0, 26mm, 1/3.2"", 1.4ÃƒÆ’Ã¢â‚¬Å¡Ãƒâ€šÃ‚Âµm, AF",178 g (6.28 oz),4000 mAh,https://www.gsmarena.com/huawei_mate_10_pro-8854.php
"Apple iPhone 6, Fully Unlocked, 16GB - Silver (Certified Refurbished)",B0711LDLWJ,"2014, September","4.7 inches, 60.9 cm2 (~65.8% screen-to-body ratio)","750 x 1334 pixels, 16:9 ratio (~326 ppi density)","iOS 8, upgradable to iOS 11.4.1",Apple A8,"16/32/64/128 GB, 1 GB RAM DDR3","8 MP, f/2.2, 29mm, 1/3"", 1.5ÃƒÆ’Ã¢â‚¬Å¡Ãƒâ€šÃ‚Âµm, PDAF","1.2 MP, f/2.2, 31mm",129 g (4.55 oz),1810 mAh,https://www.gsmarena.com/apple_iphone_6-6378.php
"Apple iPhone SE 16 GB Factory Unlocked, Space Gray (Certified Refurbished)",B01GXAT0BK,"2016, March","4.0 inches, 44.1 cm2 (~60.8% screen-to-body ratio)","640 x 1136 pixels, 16:9 ratio (~326 ppi density)","iOS 9.3.2, upgradable to iOS 11.4.1",Apple A9,"16/32/64/128 GB, 2 GB RAM","12 MP, f/2.2, 29mm, 1/3"", 1.22ÃƒÆ’Ã¢â‚¬Å¡Ãƒâ€šÃ‚Âµm, PDAF","1.2 MP, f/2.4, 31mm",113 g (3.99 oz),1624 mAh,https://www.gsmarena.com/apple_iphone_se-7969.php
"Apple iPhone 7, GSM Unlocked, 128GB - Black (Certified Refurbished)",B01N9YV6DL,"2016, September","4.7 inches, 60.9 cm2 (~65.6% screen-to-body ratio)","750 x 1334 pixels, 16:9 ratio (~326 ppi density)","iOS 10.0.1, upgradable to iOS 11.4.1",Apple A10 Fusion,"32/128/256 GB, 2 GB RAM","12 MP, f/1.8, 28mm, 1/3"", OIS, PDAF","7 MP, f/2.2, 32mm",138 g (4.87 oz),1960 mAh,https://www.gsmarena.com/apple_iphone_7-8064.php
"Samsung Galaxy J7 Pro (32GB) J730G/DS - 5.5"" Full HD Dual SIM Unlocked Phone with Finger Print Sensor (US & Latin 4G LTE) (Pink)",B0756RR5XY,"2017, June","5.5 inches, 83.4 cm2 (~73.1% screen-to-body ratio)","1080 x 1920 pixels, 16:9 ratio (~401 ppi density)","Android 7.0 (Nougat), planned upgrade to Android 8.0 (Oreo)",Exynos 7870 Octa,"32/64 GB, 3 GB RAM","13 MP, AF, f/1.7, 27mm","13 MP, f/1.9, 28mm",181 g (6.38 oz),3600 mAh,https://www.gsmarena.com/samsung_galaxy_j7_pro-8561.php
Samsung Galaxy S9 Unlocked - 64gb - Midnight Black - US Warranty (Certified Refurbished),B07C65XFBB,"2018, February","5.8 inches, 84.8 cm2 (~83.6% screen-to-body ratio)","1440 x 2960 pixels, 18.5:9 ratio (~570 ppi density)",Android 8.0 (Oreo),Qualcomm SDM845 Snapdragon 845,"64/128/256 GB, 4 GB RAM","12 MP, f/1.5-2.4, 26mm, 1/2.5"", 1.4ÃƒÆ’Ã¢â‚¬Å¡Ãƒâ€šÃ‚Âµm, OIS, dual pixel PDAF","8 MP, f/1.7, 25mm, 1/3.6"", 1.22ÃƒÆ’Ã¢â‚¬Å¡Ãƒâ€šÃ‚Âµm, AF",163 g (5.75 oz),3000 mAh,https://www.gsmarena.com/samsung_galaxy_s9-8966.php#g960u
Moto G PLUS (5th Generation) - 32 GB - Unlocked - Lunar Gray - Prime Exclusive,B0785NN142,"2017, August","5.5 inches, 83.4 cm2 (~71.3% screen-to-body ratio)","1080 x 1920 pixels, 16:9 ratio (~401 ppi density)","Android 7.1 (Nougat), planned upgrade to Android 8.0 (Oreo)",Qualcomm MSM8953 Snapdragon 625,"64 GB, 4 GB RAM or 32 GB, 3 GB RAM","13 MP, f/2.0, AF
13 MP, depth sensor","8 MP, f/2.0",168 g (5.93 oz),3000 mAh,https://www.gsmarena.com/motorola_moto_g5s_plus-8699.php#xt1806
"Apple Iphone 5s, 16GB - Unlocked (Space Gray)",B00F3J4B5S,"2013, September","4.0 inches, 44.1 cm2 (~60.8% screen-to-body ratio)","640 x 1136 pixels, 16:9 ratio (~326 ppi density)","iOS 7, upgradable to iOS 11.4.1",Apple A7,"16/32/64 GB, 1 GB RAM DDR3","8 MP, f/2.2, 29mm, 1/3"", 1.5ÃƒÆ’Ã¢â‚¬Å¡Ãƒâ€šÃ‚Âµm, AF","1.2 MP, f/2.4, 31mm",112 g (3.95 oz),1560 mAh,https://www.gsmarena.com/apple_iphone_5s-5685.php
"Samsung Galaxy J3 Pro (2017) J330F/DS 16GB Gold, 5"", Dual Sim, GSM Unlocked International Model, No Warranty",B075358NQF,"2016, June","5.0 inches, 68.9 cm2 (~68.0% screen-to-body ratio)","720 x 1280 pixels, 16:9 ratio (~294 ppi density)",Android 5.1 (Lollipop),Qualcomm MSM8916 Snapdragon 410,"16 GB, 2 GB RAM","8 MP, AF, f/2.2","5 MP, f/2.2",139 g (4.90 oz),2600 mAh,https://www.gsmarena.com/samsung_galaxy_j3_pro-8126.php
"Samsung Galaxy J2 Prime (16GB) 5.0"" 4G LTE GSM Dual SIM Factory Unlocked International Version, No Warranty G532M/DS Pink gold",B07C2CVRN2,"2016, November","5.0 inches, 68.9 cm2 (~66.0% screen-to-body ratio)","540 x 960 pixels, 16:9 ratio (~220 ppi density)",Android 6.0 (Marshmallow),Mediatek MT6737T,"8 GB, 1.5 GB RAM","8 MP, AF, f/2.2","5 MP, f/2.2",160 g (5.64 oz),2600 mAh,https://www.gsmarena.com/samsung_galaxy_j2_prime-8424.php
"Apple iPhone 7 Plus, GSM Unlocked, 128GB - Rose Gold (Certified Refurbished)",B01N5XMF48,"2016, September","5.5 inches, 83.4 cm2 (~67.7% screen-to-body ratio)","1080 x 1920 pixels, 16:9 ratio (~401 ppi density)","iOS 10.0.1, upgradable to iOS 11.4.1",Apple A10 Fusion,"32/128/256 GB, 3 GB RAM","12 MP, f/1.8, 28mm, 1/3"", OIS, PDAF
12 MP, f/2.8, 56mm, 1/3.6"", 2x optical zoom, AF","7 MP, f/2.2, 32mm",188 g (6.63 oz),2900 mAh,https://www.gsmarena.com/apple_iphone_7_plus-8065.php
"Apple iPhone 7 , GSM Unlocked, 128GB - Rose Gold (Certified Refurbished)",B01MSEPCPU,"2016, September","4.7 inches, 60.9 cm2 (~65.6% screen-to-body ratio)","750 x 1334 pixels, 16:9 ratio (~326 ppi density)","iOS 10.0.1, upgradable to iOS 11.4.1",Apple A10 Fusion,"32/128/256 GB, 2 GB RAM","12 MP, f/1.8, 28mm, 1/3"", OIS, PDAF","7 MP, f/2.2, 32mm",138 g (4.87 oz),1960 mAh,https://www.gsmarena.com/apple_iphone_7-8064.php
BLU R1 HD - 8 GB - Black,B01FGHTGNI,"2016, June","5.0 inches, 68.9 cm2 (~66.7% screen-to-body ratio)","720 x 1280 pixels, 16:9 ratio (~294 ppi density)",Android 6.0 (Marshmallow),Mediatek MT6735,"16 GB, 2 GB RAM or 8 GB, 1 GB RAM","8 MP, f/2.0, 1/4"", 1.12ÃƒÆ’Ã¢â‚¬Å¡Ãƒâ€šÃ‚Âµm, AF",5 MP,142 g (5.01 oz),2500 mAh,https://www.gsmarena.com/blu_r1_hd-8171.php
"Samsung Galaxy Note9 Factory Unlocked Phone with 6.4"" Screen and 128GB (U.S. Warranty) with DeX Pad & Wireless Charger Duo",B07G81NNP6,"2018, August","6.4 inches, 103.2 cm2 (~83.4% screen-to-body ratio)","1440 x 2960 pixels, 18.5:9 ratio (~516 ppi density)",Android 8.1 (Oreo),Qualcomm SDM845 Snapdragon 845,"512 GB, 8 GB RAM or 128 GB, 6 GB RAM","12 MP, f/1.5-2.4, 26mm, 1/2.55"", 1.4ÃƒÆ’Ã¢â‚¬Å¡Ãƒâ€šÃ‚Âµm, dual pixel PDAF, OIS
12 MP, f/2.4, 52mm, 1/3.4"", 1ÃƒÆ’Ã¢â‚¬Å¡Ãƒâ€šÃ‚Âµm, AF, OIS, 2x optical zoom","8 MP, f/1.7, 25mm, 1/3.6"", 1.22ÃƒÆ’Ã¢â‚¬Å¡Ãƒâ€šÃ‚Âµm, AF",201 g (7.09 oz),4000 mAh,https://www.gsmarena.com/samsung_galaxy_note9-9163.php
"BLU VIVO XI+ - 6.2ÃƒÆ’Ã‚Â¢ÃƒÂ¢Ã¢â‚¬Å¡Ã‚Â¬Ãƒâ€šÃ‚Â Full HD+ Display Smartphone, 128GB+6GB RAM, AI Dual Cameras -Black",B07FWNFT8L,"2018, August","6.2 inches, 96.9 cm2 (~82.8% screen-to-body ratio)","1080 x 2246 pixels, 18.7:9 ratio (~402 ppi density)","Android 8.1 (Oreo), planned upgrade to Android 9.0 (Pie)",Mediatek MT6771 Helio P60,"128 GB, 6 GB RAM or 64 GB, 4 GB RAM","16 MP, f/2.0, 1/3"", 1.10Ãƒâ€šÃ‚Âµm, PDAF
5 MP, 1/5"", 1.12Ãƒâ€šÃ‚Âµm, depth sensor","16 MP, 1/3"", 1.10Ãƒâ€šÃ‚Âµm",199 g (7.02 oz),3050 mAh,https://www.gsmarena.com/blu_vivo_xi+-9307.php
"Nokia 3310 3G - Unlocked Feature Phone (AT&T/T-Mobile/MetroPCS/Cricket/H2O) - 2.4"" Screen - Charcoal - U.S. Warranty",B075FL4H89,"2018, January","2.4 inches, 17.8 cm2 (~29.1% screen-to-body ratio)","240 x 320 pixels, 4:3 ratio (~167 ppi density)",,,"512 MB, 256 MB RAM",2 MP,No,88.1 g (3.10 oz),1200 mAh,https://www.gsmarena.com/nokia_3310_4g-9046.php
BLU Advance A6 -Unlocked Dual Sim Smartphone - 6.0ÃƒÆ’Ã‚Â¢ÃƒÂ¢Ã¢â‚¬Å¡Ã‚Â¬Ãƒâ€šÃ‚Â HD Display - Gold,B07BSCFGVS,,,,,,,,,,,
"Apple iPhone 6 16 GB Unlocked, Gold (Certified Refurbished)",B01BI2XQ5O,"2014, September","4.7 inches, 60.9 cm2 (~65.8% screen-to-body ratio)","750 x 1334 pixels, 16:9 ratio (~326 ppi density)","iOS 8, upgradable to iOS 11.4.1",Apple A8,"16/32/64/128 GB, 1 GB RAM DDR3","8 MP, f/2.2, 29mm, 1/3"", 1.5Ãƒâ€šÃ‚Âµm, PDAF","1.2 MP, f/2.2, 31mm",129 g (4.55 oz),1810 mAh,https://www.gsmarena.com/apple_iphone_6-6378.php
LG G6 ÃƒÆ’Ã‚Â¢ÃƒÂ¢Ã¢â‚¬Å¡Ã‚Â¬ÃƒÂ¢Ã¢â€šÂ¬Ã…â€œ 32 GB ÃƒÆ’Ã‚Â¢ÃƒÂ¢Ã¢â‚¬Å¡Ã‚Â¬ÃƒÂ¢Ã¢â€šÂ¬Ã…â€œ Unlocked (AT&T/T-Mobile/Verizon) ÃƒÆ’Ã‚Â¢ÃƒÂ¢Ã¢â‚¬Å¡Ã‚Â¬ÃƒÂ¢Ã¢â€šÂ¬Ã…â€œ Black ÃƒÆ’Ã‚Â¢ÃƒÂ¢Ã¢â‚¬Å¡Ã‚Â¬ÃƒÂ¢Ã¢â€šÂ¬Ã…â€œ Prime Exclusive,B07D2JL7TS,"2018, February","5.8 inches, 84.8 cm2 (~83.6% screen-to-body ratio)","1440 x 2960 pixels, 18.5:9 ratio (~570 ppi density)",Android 8.0 (Oreo),Qualcomm SDM845 Snapdragon 845,"64/128/256 GB, 4 GB RAM","12 MP, f/1.5-2.4, 26mm, 1/2.5"", 1.4Ãƒâ€šÃ‚Âµm, OIS, dual pixel PDAF","8 MP, f/1.7, 25mm, 1/3.6"", 1.22Ãƒâ€šÃ‚Âµm, AF",163 g (5.75 oz),3000 mAh,https://www.gsmarena.com/samsung_galaxy_s9-8966.php#g960u
LG K30 ÃƒÆ’Ã‚Â¢ÃƒÂ¢Ã¢â‚¬Å¡Ã‚Â¬ÃƒÂ¢Ã¢â€šÂ¬Ã…â€œ 16 GB ÃƒÆ’Ã‚Â¢ÃƒÂ¢Ã¢â‚¬Å¡Ã‚Â¬ÃƒÂ¢Ã¢â€šÂ¬Ã…â€œ Unlocked (AT&T/T-Mobile/Verizon) ÃƒÆ’Ã‚Â¢ÃƒÂ¢Ã¢â‚¬Å¡Ã‚Â¬ÃƒÂ¢Ã¢â€šÂ¬Ã…â€œ Black ÃƒÆ’Ã‚Â¢ÃƒÂ¢Ã¢â‚¬Å¡Ã‚Â¬ÃƒÂ¢Ã¢â€šÂ¬Ã…â€œ Prime Exclusive Phone,B07CSWV219,"2018, May","5.3 inches, 77.4 cm2 (~69.5% screen-to-body ratio)","720 x 1280 pixels, 16:9 ratio (~277 ppi density)",Android 7.1 (Nougat),Qualcomm MSM8917 Snapdragon 425,"32 GB, 2 GB RAM","13 MP, PDAF",5 MP,168.1 g (5.93 oz),2880 mAh,https://www.gsmarena.com/lg_k30-9190.php
Samsung Galaxy S9 Unlocked Smartphone - Lilac Purple - US Warranty,B079H6L4V2,"2018, February","5.8 inches, 84.8 cm2 (~83.6% screen-to-body ratio)","1440 x 2960 pixels, 18.5:9 ratio (~570 ppi density)",Android 8.0 (Oreo),Qualcomm SDM845 Snapdragon 845,"64/128/256 GB, 4 GB RAM","12 MP, f/1.5-2.4, 26mm, 1/2.5"", 1.4Ãƒâ€šÃ‚Âµm, OIS, dual pixel PDAF","8 MP, f/1.7, 25mm, 1/3.6"", 1.22Ãƒâ€šÃ‚Âµm, AF",163 g (5.75 oz),3000 mAh,https://www.gsmarena.com/samsung_galaxy_s9-8966.php#g960u
Apple iPhone 8 64GB Space Gray (Unlocked),B0775MV9K2,"2017, September","4.7 inches, 60.9 cm2 (~65.4% screen-to-body ratio)","750 x 1334 pixels, 16:9 ratio (~326 ppi density)","iOS 11, upgradable to iOS 11.4.1",Apple A11 Bionic,"64/256 GB, 2 GB RAM","12 MP, f/1.8, 28mm, OIS, PDAF","7 MP, f/2.2",148 g (5.22 oz),1821 mAh,https://www.gsmarena.com/apple_iphone_8-8573.php#a1863
"Samsung Galaxy Note9 Factory Unlocked Phone with 6.4"" Screen and 512GB (U.S. Warranty) with DeX Pad & Wireless Charger Duo",B07G7FJ8T3,"2018, August","6.4 inches, 103.2 cm2 (~83.4% screen-to-body ratio)","1440 x 2960 pixels, 18.5:9 ratio (~516 ppi density)",Android 8.1 (Oreo),"Exynos 9810 Octa - EMEAQualcomm SDM845 Snapdragon 845 - USA/LATAM, China","512 GB, 8 GB RAM or 128 GB, 6 GB RAM","12 MP, f/1.5-2.4, 26mm, 1/2.55"", 1.4Ã‚Âµm, dual pixel PDAF, OIS
12 MP, f/2.4, 52mm, 1/3.4"", 1Ã‚Âµm, AF, OIS, 2x optical zoom","8 MP, f/1.7, 25mm, 1/3.6"", 1.22Ã‚Âµm, AF",201 g (7.09 oz),4000 mAh,https://www.gsmarena.com/samsung_galaxy_note9-9163.php
"Apple iPhone 6 Plus, GSM Unlocked, 16GB - Space Gray (Certified Refurbished)",B00YD54J8W,"2014, September","5.5 inches, 83.4 cm2 (~67.8% screen-to-body ratio)","1080 x 1920 pixels, 16:9 ratio (~401 ppi density)","iOS 8, upgradable to iOS 11.4.1",Apple A8,"16/64/128 GB, 1 GB RAM DDR3","8 MP, f/2.2, 29mm, 1/3"", 1.5Ã‚Âµm, OIS, PDAF","1.2 MP, f/2.2, 31mm",172 g (6.07 oz),2915 mAh,https://www.gsmarena.com/apple_iphone_6_plus-6665.php
"Google Pixel XL, Quite Black 32GB - Verizon + Unlocked GSM (Certified Refurbished)",B071ZN4K8V,"2016, October","5.5 inches, 83.4 cm2 (~71.2% screen-to-body ratio)","1440 x 2560 pixels, 16:9 ratio (~534 ppi density)","Android 7.1 (Nougat), upgradable to Android 9.0 (Pie)",Qualcomm MSM8996 Snapdragon 821,"32/128 GB, 4 GB RAM","12.3 MP, f/2.0, 1/2.3"", 1.55Ã‚Âµm, PDAF & laser AF","8 MP, f/2.4, 1/3.2"", 1.4Ã‚Âµm",168 g (5.93 oz),3450 mAh,https://www.gsmarena.com/google_pixel_xl-8345.php#usa-na
Google Pixel Phone 128 GB - 5 inch Display (Factory Unlocked US Version) (Quite Black),B01LZ2SO4L,"2016, October","5.0 inches, 68.9 cm2 (~69.0% screen-to-body ratio)","1080 x 1920 pixels, 16:9 ratio (~441 ppi density)","Android 7.1 (Nougat), upgradable to Android 9.0 (Pie)",Qualcomm MSM8996 Snapdragon 821,"32/128 GB, 4 GB RAM","12.3 MP, f/2.0, 1/2.3"", 1.55Ã‚Âµm, PDAF & laser AF","8 MP, f/2.4, 1/3.2"", 1.4Ã‚Âµm",143 g (5.04 oz),2770 mAh,https://www.gsmarena.com/google_pixel-8346.php#usa-na
"Apple iPhone SE 16 GB  Unlocked, Gold (Certified Refurbished)",B01GXAT09C,"2016, March","4.0 inches, 44.1 cm2 (~60.8% screen-to-body ratio)","640 x 1136 pixels, 16:9 ratio (~326 ppi density)","iOS 9.3.2, upgradable to iOS 11.4.1",Apple A9,"16/32/64/128 GB, 2 GB RAM","12 MP, f/2.2, 29mm, 1/3"", 1.22Ã‚Âµm, PDAF","1.2 MP, f/2.4, 31mm",113 g (3.99 oz),1624 mAh,https://www.gsmarena.com/apple_iphone_se-7969.php
BLU Tank II T193 Unlocked GSM Dual-SIM Cell Phone w/Camera and 1900 mAh Big Battery - Unlocked Cell Phones - Retail Packaging - Black Red,B00O5EU7TQ,,,,,,,,,,,
"Motorola Moto G6 Play Factory Unlocked Phone - 5.7"" Screen - 32GB - Deep Indigo (U.S. Warranty)",B079Z793SM,"2018, April","5.7 inches, 83.8 cm2 (~75.2% screen-to-body ratio)","720 x 1440 pixels, 18:9 ratio (~282 ppi density)","Android 8.0 (Oreo), planned upgrade to Android 9.0 (Pie)",Qualcomm MSM8937 Snapdragon 430Qualcomm MSM8920 Snapdragon 427 - USA,"32 GB, 3 RAM or 16 GB, 2 GB RAM","13 MP, f/2.0, 1.12Ã‚Âµm, PDAF","5 MP (USA)
8 MP (other markets)",175 g (6.17 oz),4000 mAh,https://www.gsmarena.com/motorola_moto_g6_play-9002.php#usa
"Apple iPhone 6S 64GB GSM Unlocked, Gold (Certified Refurbished)",B01CR1JNAC,"2015, September","4.7 inches, 60.9 cm2 (~65.6% screen-to-body ratio)","750 x 1334 pixels, 16:9 ratio (~326 ppi density)","iOS 9, upgradable to iOS 11.4.1",Apple A9,"16/32/64/128 GB, 2 GB RAM","12 MP, f/2.2, 29mm, 1/3"", 1.22Ã‚Âµm, PDAF","5 MP, f/2.2, 31mm",143 g (5.04 oz),1715 mAh,https://www.gsmarena.com/apple_iphone_6s-7242.php
"Apple iPhone SE 64 GB Unlocked, Rose Gold (Certified Refurbished)",B01L1BOQT2,"2016, March","4.0 inches, 44.1 cm2 (~60.8% screen-to-body ratio)","640 x 1136 pixels, 16:9 ratio (~326 ppi density)","iOS 9.3.2, upgradable to iOS 11.4.1",Apple A9,"16/32/64/128 GB, 2 GB RAM","12 MP, f/2.2, 29mm, 1/3"", 1.22Ã‚Âµm, PDAF","1.2 MP, f/2.4, 31mm",113 g (3.99 oz),1624 mAh,https://www.gsmarena.com/apple_iphone_se-7969.php
"Samsung Galaxy J2 Prime (16GB) 5.0"" 4G LTE GSM Dual SIM Factory Unlocked International Version, No Warranty G532M/DS (Silver)",B079J5BLZP,"2016, November","5.0 inches, 68.9 cm2 (~66.0% screen-to-body ratio)","540 x 960 pixels, 16:9 ratio (~220 ppi density)",Android 6.0 (Marshmallow),Mediatek MT6737T,"8 GB, 1.5 GB RAM","8 MP, AF, f/2.2","5 MP, f/2.2",160 g (5.64 oz),2600 mAh,https://www.gsmarena.com/samsung_galaxy_j2_prime-8424.php#g532mds
"Apple iPhone 7 Plus, Fully Unlocked, 128GB - Black (Certified Refurbished)",B06X9FGTMN,"2016, September","5.5 inches, 83.4 cm2 (~67.7% screen-to-body ratio)","1080 x 1920 pixels, 16:9 ratio (~401 ppi density)","iOS 10.0.1, upgradable to iOS 11.4.1",Apple A10 Fusion,"32/128/256 GB, 3 GB RAM","12 MP, f/1.8, 28mm, 1/3"", OIS, PDAF
12 MP, f/2.8, 56mm, 1/3.6"", 2x optical zoom, AF","7 MP, f/2.2, 32mm",188 g (6.63 oz),2900 mAh,https://www.gsmarena.com/apple_iphone_7_plus-8065.php
"Easyfone Joy-X Dual-SIM Unlocked GSM Cell Phone, VGA-Camera with Color Screen and High-intensity Curved TP Glass, SIM-Free GSM Quad-Bands Worldwide Cell Phone with Bluetooth and MicroSD Card Slot",B076BPFWKS,,,,,,,,,,,
LG G6+ - 128 GB - Unlocked (AT&T/T-Mobile/Verizon) - Black - Prime Exclusive,B0791RW7CD,"2017, February","5.7 inches, 84.1 cm2 (~78.6% screen-to-body ratio)","1440 x 2880 pixels, 18:9 ratio (~564 ppi density)","Android 7.0 (Nougat), upgradable to Android 8.0 (Oreo)",Qualcomm MSM8996 Snapdragon 821,"32/64/128 GB, 4 GB RAM","13 MP, f/1.8, 30mm, 1/3"", 1.12Ã‚Âµm, 3-axis OIS, PDAF
13 MP, f/2.4, 12mm, no AF","5 MP, f/2.2, 18mm",163 g (5.75 oz),3300 mAh,https://www.gsmarena.com/lg_g6-8466.php#g6-plus
Samsung Galaxy S7 G930A 32GB Gold Platinum - Unlocked GSM (Certified Refurbished),B01F4889GE,"2016, February","5.1 inches, 71.5 cm2 (~72.1% screen-to-body ratio)","1440 x 2560 pixels, 16:9 ratio (~577 ppi density)","Android 6.0 (Marshmallow), upgradable to Android 8.0 (Oreo)",Exynos 8890 Octa,"32/64 GB, 4 GB RAM","12 MP, f/1.7, 26mm, 1/2.5"", 1.4Ã‚Âµm, Dual Pixel PDAF, OIS","5 MP, f/1.7, 22mm, 1/4.1"", 1.34Ã‚Âµm",152 g (5.36 oz),3000 mAh,https://www.gsmarena.com/samsung_galaxy_s7-7821.php#g930f
"Xiaomi Pocophone F1 64GB + 6GB RAM, Dual Camera, 6.18"" LTE Factory Unlocked Smartphone - Global Version (Steel Blue)",B07GZ4QJTS,"2018, August","6.18 inches, 96.2 cm2 (~82.2% screen-to-body ratio)","1080 x 2246 pixels, 18.7:9 ratio (~403 ppi density)",Android 8.1 (Oreo),Qualcomm SDM845 Snapdragon 845,"256 GB, 8 GB RAM or 64/128 GB, 6 GB RAM","12 MP, f/1.9, 1/2.55"", 1.4Ã‚Âµm, dual pixel PDAF
5 MP, f/2.0, 1.12Ã‚Âµm, depth sensor","20 MP, f/2.0, 0.9Ã‚Âµm",180 g (6.35 oz),4000 mAh,https://www.gsmarena.com/xiaomi_pocophone_f1-9293.php#global
"Apple iPhone SE 64GB Unlocked Smartphone, GSM Only (AT&T/T-Mobile), Rose Gold (Certified Refurbished)",B01GXAZFRI,"2016, March","4.0 inches, 44.1 cm2 (~60.8% screen-to-body ratio)","640 x 1136 pixels, 16:9 ratio (~326 ppi density)","iOS 9.3.2, upgradable to iOS 11.4.1",Apple A9,"16/32/64/128 GB, 2 GB RAM","12 MP, f/2.2, 29mm, 1/3"", 1.22Ã‚Âµm, PDAF","1.2 MP, f/2.4, 31mm",113 g (3.99 oz),1624 mAh,https://www.gsmarena.com/apple_iphone_se-7969.php
Apple iPhone 6 Plus Factory Unlocked Phone - 5.5Inch Screen - 16GB - Gold (U.S. Warranty) (Certified Refurbished),B00YD54GG2,"2014, September","5.5 inches, 83.4 cm2 (~67.8% screen-to-body ratio)","1080 x 1920 pixels, 16:9 ratio (~401 ppi density)","iOS 8, upgradable to iOS 11.4.1",Apple A8,"16/64/128 GB, 1 GB RAM DDR3","8 MP, f/2.2, 29mm, 1/3"", 1.5Ã‚Âµm, OIS, PDAF","1.2 MP, f/2.2, 31mm",172 g (6.07 oz),2915 mAh,https://www.gsmarena.com/apple_iphone_6_plus-6665.php
LG Nexus 5X Unlocked Smartphone with 5.2-Inch 32GB H790 4G LTE (Carbon Black) (Certified Refurbished),B077VWZ8TP,"2015, September","5.2 inches, 74.9 cm2 (~70.2% screen-to-body ratio)","1080 x 1920 pixels, 16:9 ratio (~423 ppi density)","Android 6.0 (Marshmallow), upgradable to Android 8.0 (Oreo)",Qualcomm MSM8992 Snapdragon 808,"16/32 GB, 2 GB RAM","12.3 MP, f/2.0, 26mm, 1/2.3"", 1.55Ã‚Âµm, laser AF","5 MP, f/2.0, 1/4"", 1.4Ã‚Âµm",136 g (4.80 oz),2700 mAh,https://www.gsmarena.com/lg_nexus_5x-7556.php
Apple iPhone 5 16GB - Unlocked - White (Certified Refurbished),B00WZR5ULU,"2012, September","4.0 inches, 44.1 cm2 (~60.8% screen-to-body ratio)","640 x 1136 pixels, 16:9 ratio (~326 ppi density)","iOS 6, upgradable to iOS 10.3.3",Apple A6,"16/32/64 GB, 1 GB RAM DDR2","8 MP, f/2.4, 33mm, 1/3.2"", 1.4Ã‚Âµm, AF","1.2 MP, f/2.4, 35mm",112 g (3.95 oz),1440 mAh,https://www.gsmarena.com/apple_iphone_5-4910.php
Samsung Galaxy J7 Neo J701M 16GB Unlocked GSM Octa-Core Phone w/13MP Camera - Black,B0747TYKJZ,"2017, July","5.5 inches, 83.4 cm2 (~69.6% screen-to-body ratio)","720 x 1280 pixels, 16:9 ratio (~267 ppi density)","Android 7.0 (Nougat), upgradable to Android 8.1 (Oreo)",Exynos 7870 Octa,"16 GB, 2 GB RAM","13 MP, f/1.9, 28mm, AF","5 MP, f/2.2, 23mm",170 g (6.00 oz),3000 mAh,https://www.gsmarena.com/samsung_galaxy_j7_nxt-8785.php
"Xiaomi Redmi 5 Plus 64GB Black, Dual Sim, 4GB RAM, 5.99"", GSM Unlocked Global Version, No Warranty",B079YJ5BKX,"2018, February","5.99 inches, 92.6 cm2 (~77.4% screen-to-body ratio)","1080 x 2160 pixels, 18:9 ratio (~403 ppi density)","Android 7.1.2 (Nougat), upgradable to Android 8.1 (Oreo)",Qualcomm MSM8953 Snapdragon 625,"64 GB, 4 GB RAM or 32 GB, 3 GB RAM","12 MP, f/2.2, 1.25 ÃŽÂ¼m, dual pixel PDAF",5 MP,180 g (6.35 oz),4000 mAh,https://www.gsmarena.com/xiaomi_redmi_note_5_(redmi_5_plus)-8959.php#redmi-5-plus
Samsung Galaxy S8 Plus 64GB - Verizon + GSM Factory Unlocked 4G LTE - Midnight Black (Certified Refurbished),B0764H6VQS,"2017, March","6.2 inches, 98.3 cm2 (~84.0% screen-to-body ratio)","1440 x 2960 pixels, 18.5:9 ratio (~529 ppi density)","Android 7.0 (Nougat), upgradable to Android 8.0 (Oreo)",Exynos 8895 Octa - EMEAQualcomm MSM8998 Snapdragon 835 - USA & China,"128 GB, 6 GB RAM or 64 GB, 4 GB RAM","12 MP, f/1.7, 26mm, 1/2.5"", 1.4Ã‚Âµm, OIS, dual pixel PDAF","8 MP, f/1.7, 25mm, 1/3.6"", 1.22Ã‚Âµm, AF",173 g (6.10 oz),3500 mAh,https://www.gsmarena.com/samsung_galaxy_s8+-8523.php#g955u
"Motorola Moto G6 Play XT1922-5 32GB 5.7"" Dual SIM 4G LTE Factory Unlocked Smartphone International Version - No Warranty (Deep Indigo)",B07CHWTWYP,"2018, April","5.7 inches, 83.8 cm2 (~75.2% screen-to-body ratio)","720 x 1440 pixels, 18:9 ratio (~282 ppi density)","Android 8.0 (Oreo), planned upgrade to Android 9.0 (Pie)",Qualcomm MSM8937 Snapdragon 430Qualcomm MSM8920 Snapdragon 427 - USA,"32 GB, 3 RAM or 16 GB, 2 GB RAM","13 MP, f/2.0, 1.12Ã‚Âµm, PDAF","5 MP (USA)
8 MP (other markets)",175 g (6.17 oz),4000 mAh,https://www.gsmarena.com/motorola_moto_g6_play-9002.php#usa
Apple iPhone 6S 16GB - GSM Unlocked - Space Gray (Certified Refurbished),B01CR2IA6Y,"2015, September","4.7 inches, 60.9 cm2 (~65.6% screen-to-body ratio)","750 x 1334 pixels, 16:9 ratio (~326 ppi density)","iOS 9, upgradable to iOS 11.4.1",Apple A9,"16/32/64/128 GB, 2 GB RAM","12 MP, f/2.2, 29mm, 1/3"", 1.22Ã‚Âµm, PDAF","5 MP, f/2.2, 31mm",143 g (5.04 oz),1715 mAh,https://www.gsmarena.com/apple_iphone_6s-7242.php
"Apple iPhone 5S 16GB GSM Unlocked, Gold (Certified Refurbished)",B00YD53XKC,"2013, September","4.0 inches, 44.1 cm2 (~60.8% screen-to-body ratio)","640 x 1136 pixels, 16:9 ratio (~326 ppi density)","iOS 7, upgradable to iOS 11.4.1",Apple A7,"16/32/64 GB, 1 GB RAM DDR3","8 MP, f/2.2, 29mm, 1/3"", 1.5Ã‚Âµm, AF","1.2 MP, f/2.4, 31mm",112 g (3.95 oz),1560 mAh,https://www.gsmarena.com/apple_iphone_5s-5685.php
Samsung Galaxy J7 Neo J701M 16GB Unlocked GSM Octa-Core Phone w/13MP Camera - Gold,B0747TLS2M,"2017, July","5.5 inches, 83.4 cm2 (~69.6% screen-to-body ratio)","720 x 1280 pixels, 16:9 ratio (~267 ppi density)","Android 7.0 (Nougat), upgradable to Android 8.1 (Oreo)",Exynos 7870 Octa,"16 GB, 2 GB RAM","13 MP, f/1.9, 28mm, AF","5 MP, f/2.2, 23mm",170 g (6.00 oz),3000 mAh,https://www.gsmarena.com/samsung_galaxy_j7_nxt-8785.php
"Apple iPhone 5S 16GB GSM Unlocked, Space Gray (Certified Refurbished)",B00YD5400Y,"2013, September","4.0 inches, 44.1 cm2 (~60.8% screen-to-body ratio)","640 x 1136 pixels, 16:9 ratio (~326 ppi density)","iOS 7, upgradable to iOS 11.4.1",Apple A7,"16/32/64 GB, 1 GB RAM DDR3","8 MP, f/2.2, 29mm, 1/3"", 1.5Ã‚Âµm, AF","1.2 MP, f/2.4, 31mm",112 g (3.95 oz),1560 mAh,https://www.gsmarena.com/apple_iphone_5s-5685.php
"Samsung Galaxy J7 Pro SM-J730GM/DS 32GB Gold, Dual Sim, 5.5"", 13MP, GSM Unlocked International Model, No Warranty",B073ZM57JC,"2017, June","5.5 inches, 83.4 cm2 (~73.1% screen-to-body ratio)","1080 x 1920 pixels, 16:9 ratio (~401 ppi density)","Android 7.0 (Nougat), planned upgrade to Android 8.0 (Oreo)",Exynos 7870 Octa,"32/64 GB, 3 GB RAM","13 MP, AF, f/1.7, 27mm","13 MP, f/1.9, 28mm",181 g (6.38 oz),3600 mAh,https://www.gsmarena.com/samsung_galaxy_j7_pro-8561.php#j730gm/ds
"Huawei Mate 10 Pro Unlocked Phone, 6"" 6GB/128GB, AI Processor, Dual Leica Camera, Water Resistant IP67, GSM Only - Titanium Gray (US Warranty)",B078T3D547,"2017, October","6.0 inches, 92.9 cm2 (~80.9% screen-to-body ratio)","1080 x 2160 pixels, 18:9 ratio (~402 ppi density)",Android 8.0 (Oreo),HiSilicon Kirin 970,"128 GB, 6 GB RAM or 64 GB, 4 GB RAM","12 MP, f/1.6, 27mm, 1/2.9"", 1.25Ã‚Âµm, OIS, PDAF & laser AF
20 MP B/W, f/1.6, 27mm, 2x lossless zoom, OIS, PDAF & laser AF","8 MP, f/2.0, 26mm, 1/3.2"", 1.4Ã‚Âµm, AF",178 g (6.28 oz),4000 mAh,https://www.gsmarena.com/huawei_mate_10_pro-8854.php
"Apple iPhone 6S, GSM Unlocked, 128GB - Space Gray (Certified Refurbished)",B01M0WZ8UV,"2015, September","4.7 inches, 60.9 cm2 (~65.6% screen-to-body ratio)","750 x 1334 pixels, 16:9 ratio (~326 ppi density)","iOS 9, upgradable to iOS 11.4.1",Apple A9,"16/32/64/128 GB, 2 GB RAM","12 MP, f/2.2, 29mm, 1/3"", 1.22Ã‚Âµm, PDAF","5 MP, f/2.2, 31mm",143 g (5.04 oz),1715 mAh,https://www.gsmarena.com/apple_iphone_6s-7242.php
"Apple iPhone 6S, Fully Unlocked, 64GB - Gold (Certified Refurbished)",B06XR8QCQ4,"2015, September","4.7 inches, 60.9 cm2 (~65.6% screen-to-body ratio)","750 x 1334 pixels, 16:9 ratio (~326 ppi density)","iOS 9, upgradable to iOS 11.4.1",Apple A9,"16/32/64/128 GB, 2 GB RAM","12 MP, f/2.2, 29mm, 1/3"", 1.22Ã‚Âµm, PDAF","5 MP, f/2.2, 31mm",143 g (5.04 oz),1715 mAh,https://www.gsmarena.com/apple_iphone_6s-7242.php
BLU Tank II T193 Unlocked GSM Dual-SIM Cell Phone with Camera and 1900 mAh Big Battery - Unlocked Cell Phones - Retail Packaging - White Blue,B00O5EU7PK,,,,,,,,,,,
"Apple iPhone 6 32 GB Unlocked, Space Gray",B071D2F6HH,"2014, September","4.7 inches, 60.9 cm2 (~65.8% screen-to-body ratio)","750 x 1334 pixels, 16:9 ratio (~326 ppi density)","iOS 8, upgradable to iOS 11.4.1",Apple A8,"16/32/64/128 GB, 1 GB RAM DDR3","8 MP, f/2.2, 29mm, 1/3"", 1.5Ã‚Âµm, PDAF","1.2 MP, f/2.2, 31mm",129 g (4.55 oz),1810 mAh,https://www.gsmarena.com/apple_iphone_6-6378.php
Samsung Galaxy S9+ Unlocked Smartphone - Coral Blue - US Warranty,B079JLWJK1,"2018, February","6.2 inches, 98.3 cm2 (~84.2% screen-to-body ratio)","1440 x 2960 pixels, 18.5:9 ratio (~529 ppi density)",Android 8.0 (Oreo),"Exynos 9810 Octa - EMEAQualcomm SDM845 Snapdragon 845 - USA/LATAM, China","64/128/256 GB, 6 GB RAM - China128 GB, 6 GB RAM - LATAM","12 MP, f/1.5-2.4, 26mm, 1/2.55"", 1.4Ã‚Âµm, Dual Pixel PDAF, OIS
12 MP, f/2.4, 52mm, 1/3.6"", 1Ã‚Âµm, AF, OIS, 2x optical zoom","8 MP, f/1.7, 25mm, 1/3.6"", 1.22Ã‚Âµm, AF",189 g (6.67 oz),3500 mAh,https://www.gsmarena.com/samsung_galaxy_s9+-8967.php#g965u
Apple iPhone 6 16GB Factory Unlocked GSM 4G LTE Cell Phone - Space Grey,B00NQGP42Y,"2014, September","4.7 inches, 60.9 cm2 (~65.8% screen-to-body ratio)","750 x 1334 pixels, 16:9 ratio (~326 ppi density)","iOS 8, upgradable to iOS 11.4.1",Apple A8,"16/32/64/128 GB, 1 GB RAM DDR3","8 MP, f/2.2, 29mm, 1/3"", 1.5Ã‚Âµm, PDAF","1.2 MP, f/2.2, 31mm",129 g (4.55 oz),1810 mAh,https://www.gsmarena.com/apple_iphone_6-6378.php
"Apple iPhone 5S 16GB GSM Unlocked, Silver (Certified Refurbished)",B00YD53YQU,"2013, September","4.0 inches, 44.1 cm2 (~60.8% screen-to-body ratio)","640 x 1136 pixels, 16:9 ratio (~326 ppi density)","iOS 7, upgradable to iOS 11.4.1",Apple A7,"16/32/64 GB, 1 GB RAM DDR3","8 MP, f/2.2, 29mm, 1/3"", 1.5Ã‚Âµm, AF","1.2 MP, f/2.4, 31mm",112 g (3.95 oz),1560 mAh,https://www.gsmarena.com/apple_iphone_5s-5685.php
"Apple iPhone SE 64 GB Unlocked, Space Gray (Certified Refurbished)",B01L1BOQSS,"2016, March","4.0 inches, 44.1 cm2 (~60.8% screen-to-body ratio)","640 x 1136 pixels, 16:9 ratio (~326 ppi density)","iOS 9.3.2, upgradable to iOS 11.4.1",Apple A9,"16/32/64/128 GB, 2 GB RAM","12 MP, f/2.2, 29mm, 1/3"", 1.22Ã‚Âµm, PDAF","1.2 MP, f/2.4, 31mm",113 g (3.99 oz),1624 mAh,https://www.gsmarena.com/apple_iphone_se-7969.php
"Apple iPhone SE 32 GB Unlocked, Space Gray",B071W3DDM7,"2016, March","4.0 inches, 44.1 cm2 (~60.8% screen-to-body ratio)","640 x 1136 pixels, 16:9 ratio (~326 ppi density)","iOS 9.3.2, upgradable to iOS 11.4.1",Apple A9,"16/32/64/128 GB, 2 GB RAM","12 MP, f/2.2, 29mm, 1/3"", 1.22Ã‚Âµm, PDAF","1.2 MP, f/2.4, 31mm",113 g (3.99 oz),1624 mAh,https://www.gsmarena.com/apple_iphone_se-7969.php
"Apple iPhone SE 32 GB Unlocked, Rose Gold",B07122CNWW,"2016, March","4.0 inches, 44.1 cm2 (~60.8% screen-to-body ratio)","640 x 1136 pixels, 16:9 ratio (~326 ppi density)","iOS 9.3.2, upgradable to iOS 11.4.1",Apple A9,"16/32/64/128 GB, 2 GB RAM","12 MP, f/2.2, 29mm, 1/3"", 1.22Ã‚Âµm, PDAF","1.2 MP, f/2.4, 31mm",113 g (3.99 oz),1624 mAh,https://www.gsmarena.com/apple_iphone_se-7969.php
"Apple iPhone 6 Plus, GSM Unlocked, 128GB - Space Gray (Certified Refurbished)",B00YD54RH0,"2014, September","5.5 inches, 83.4 cm2 (~67.8% screen-to-body ratio)","1080 x 1920 pixels, 16:9 ratio (~401 ppi density)","iOS 8, upgradable to iOS 11.4.1",Apple A8,"16/64/128 GB, 1 GB RAM DDR3","8 MP, f/2.2, 29mm, 1/3"", 1.5Ã‚Âµm, OIS, PDAF","1.2 MP, f/2.2, 31mm",172 g (6.07 oz),2915 mAh,https://www.gsmarena.com/apple_iphone_6_plus-6665.php
Apple iPhone 7 a1778 32GB LTE GSM Unlocked (Certified Refurbished),B079HB518K,"2016, September","4.7 inches, 60.9 cm2 (~65.6% screen-to-body ratio)","750 x 1334 pixels, 16:9 ratio (~326 ppi density)","iOS 10.0.1, upgradable to iOS 11.4.1",Apple A10 Fusion,"32/128/256 GB, 2 GB RAM","12 MP, f/1.8, 28mm, 1/3"", OIS, PDAF","7 MP, f/2.2, 32mm",138 g (4.87 oz),1960 mAh,https://www.gsmarena.com/apple_iphone_7-8064.php
Apple iPhone 6 Plus 16GB GSM Unlocked Smartphone - Silver (Certified Refurbished),B00YD54HZ2,"2014, September","5.5 inches, 83.4 cm2 (~67.8% screen-to-body ratio)","1080 x 1920 pixels, 16:9 ratio (~401 ppi density)","iOS 8, upgradable to iOS 11.4.1",Apple A8,"16/64/128 GB, 1 GB RAM DDR3","8 MP, f/2.2, 29mm, 1/3"", 1.5Ã‚Âµm, OIS, PDAF","1.2 MP, f/2.2, 31mm",172 g (6.07 oz),2915 mAh,https://www.gsmarena.com/apple_iphone_6_plus-6665.php
"Nokia 3310 3G - Unlocked Feature Phone (AT&T/T-Mobile/MetroPCS/Cricket/H2O) - 2.4"" Screen - Warm Red - U.S. Warranty",B075FKZMR2,,,,,,,,,,,
"Samsung Galaxy S7 SM-G930A AT&T Unlocked Smartphone, (Black Onyx)",B01CYYYRNK,"2016, February","5.1 inches, 71.5 cm2 (~72.1% screen-to-body ratio)","1440 x 2560 pixels, 16:9 ratio (~577 ppi density)","Android 6.0 (Marshmallow), upgradable to Android 8.0 (Oreo)",Exynos 8890 Octa,"32/64 GB, 4 GB RAM","12 MP, f/1.7, 26mm, 1/2.55"", 1.4Ã‚Âµm, Dual Pixel PDAF, OIS","5 MP, f/1.7, 22mm, 1/4.1"", 1.34Ã‚Âµm",152 g (5.36 oz),3000 mAh,https://www.gsmarena.com/samsung_galaxy_s7-7821.php#g930f
"DOOGEE X10S, Unlocked Cell Phones - Dual Sim Smartphone with 5.0"" IPS Display - Android 8.1-1GB RAM - 8GB ROM - 2MP+5MP Dual Camera - 3360mAh Battery - 3G Unlocked Phones - Silver",B07DVWBFM8,,,,,,,,,,,
Samsung Galaxy S9+ Unlocked Smartphone - Lilac Purple - US Warranty,B079JPRTKD,"2018, February","6.2 inches, 98.3 cm2 (~84.2% screen-to-body ratio)","1440 x 2960 pixels, 18.5:9 ratio (~529 ppi density)",Android 8.0 (Oreo),"Exynos 9810 Octa - EMEAQualcomm SDM845 Snapdragon 845 - USA/LATAM, China","64/128/256 GB, 6 GB RAM - China128 GB, 6 GB RAM - LATAM","12 MP, f/1.5-2.4, 26mm, 1/2.55"", 1.4Âµm, Dual Pixel PDAF, OIS
12 MP, f/2.4, 52mm, 1/3.6"", 1Âµm, AF, OIS, 2x optical zoom","8 MP, f/1.7, 25mm, 1/3.6"", 1.22Âµm, AF",189 g (6.67 oz),3500 mAh,https://www.gsmarena.com/samsung_galaxy_s9+-8967.php#g965u
Samsung SM-G900V - Galaxy S5-16GB Android Smartphone Verizon - Black (Certified Refurbished),B06VW5FVLB,"2014, February. Released 2014, April","5.1 inches, 71.7 cm2 (~69.6% screen-to-body ratio)","1080 x 1920 pixels, 16:9 ratio (~432 ppi density)","Android 4.4.2 (KitKat), upgradable to 6.0 (Marshmallow)",Qualcomm MSM8974AC Snapdragon 801,"16/32 GB, 2 GB RAM","16 MP, f/2.2, 31mm, 1/2.6"", 1.12Âµm, PDAF","2 MP, f/2.4, 22mm",145 g (5.11 oz),2800 mAh,https://www.gsmarena.com/samsung_galaxy_s5-6033.php
"Apple iPhone 7 , Fully Unlocked, 32GB - Silver (Certified Refurbished)",B01N5SCQ2A,"2016, September","4.7 inches, 60.9 cm2 (~65.6% screen-to-body ratio)","750 x 1334 pixels, 16:9 ratio (~326 ppi density)","iOS 10.0.1, upgradable to iOS 11.4.1",Apple A10 Fusion,"32/128/256 GB, 2 GB RAM","12 MP, f/1.8, 28mm, 1/3"", OIS, PDAF","7 MP, f/2.2, 32mm",138 g (4.87 oz),1960 mAh,https://www.gsmarena.com/apple_iphone_7-8064.php
"Apple iPhone SE 64GB Unlocked Smartphone, GSM Only (AT&T/T-Mobile), Space Gray (Certified Refurbished)",B01GXAZFR8,"2016, March","4.0 inches, 44.1 cm2 (~60.8% screen-to-body ratio)","640 x 1136 pixels, 16:9 ratio (~326 ppi density)","iOS 9.3.2, upgradable to iOS 11.4.1",Apple A9,"16/32/64/128 GB, 2 GB RAM","12 MP, f/2.2, 29mm, 1/3"", 1.22Âµm, PDAF","1.2 MP, f/2.4, 31mm",113 g (3.99 oz),1624 mAh,https://www.gsmarena.com/apple_iphone_se-7969.php
"Motorola Moto G6 Plus XT1926-7 64GB 5.9"" Dual SIM 4G LTE Factory Unlocked Smartphone International Model - No Warranty (Deep Indigo)",B07CHWMYHP,"2018, April","5.9 inches, 89.8 cm2 (~74.4% screen-to-body ratio)","1080 x 2160 pixels, 18:9 ratio (~409 ppi density)","Android 8.0 (Oreo), planned upgrade to Android 9.0 (Pie)",Qualcomm SDM630 Snapdragon 630,"64/128 GB, 4/6 GB RAM","12 MP, f/1.7, dual pixel PDAF
5 MP, f/2.2, depth sensor","8 MP, f/2.2",167 g (5.89 oz),3200 mAh,https://www.gsmarena.com/motorola_moto_g6_plus-9001.php
"Apple iPhone SE 32 GB Factory Unlocked, Space Gray (Certified Refurbished)",B0751RGH6W,"2016, March","4.0 inches, 44.1 cm2 (~60.8% screen-to-body ratio)","640 x 1136 pixels, 16:9 ratio (~326 ppi density)","iOS 9.3.2, upgradable to iOS 11.4.1",Apple A9,"16/32/64/128 GB, 2 GB RAM","12 MP, f/2.2, 29mm, 1/3"", 1.22µm, PDAF","1.2 MP, f/2.4, 31mm",113 g (3.99 oz),1624 mAh,https://www.gsmarena.com/apple_iphone_se-7969.php
"Nokia 2 - Android - 8GB - Dual SIM Unlocked Smartphone (AT&T/T-Mobile/MetroPCS/Cricket/H2O) - 5"" Screen - White - U.S. Warranty",B075FKVJV3,"2017, October","5.0 inches, 68.9 cm2 (~67.4% screen-to-body ratio)","720 x 1280 pixels, 16:9 ratio (~294 ppi density)","Android 7.1.1 (Nougat), planned upgrade to Android 8.1 (Oreo)",Qualcomm MSM8909v2 Snapdragon 212,"8 GB, 1 GB RAM","8 MP, AF",5 MP,161 g (5.68 oz),4100 mAh,https://www.gsmarena.com/nokia_2-8513.php
"Samsung S7 Unlocked GSM Smartphone, Gold, 32GB",B01CYYYRMQ,"2016, February","5.1 inches, 71.5 cm2 (~72.1% screen-to-body ratio)","1440 x 2560 pixels, 16:9 ratio (~577 ppi density)","Android 6.0 (Marshmallow), upgradable to Android 8.0 (Oreo)",Exynos 8890 Octa,"32/64 GB, 4 GB RAM","12 MP, f/1.7, 26mm, 1/2.55"", 1.4µm, Dual Pixel PDAF, OIS","5 MP, f/1.7, 22mm, 1/4.1"", 1.34µm",152 g (5.36 oz),3000 mAh,https://www.gsmarena.com/samsung_galaxy_s7-7821.php#g930f
"Apple iPhone 7 , Fully Unlocked, 128GB - Rose Gold (Certified Refurbished)",B01NCYY6OK,"2016, September","4.7 inches, 60.9 cm2 (~65.6% screen-to-body ratio)","750 x 1334 pixels, 16:9 ratio (~326 ppi density)","iOS 10.0.1, upgradable to iOS 12",Apple A10 Fusion,"32/128/256 GB, 2 GB RAM","12 MP, f/1.8, 28mm (wide), 1/3"", OIS, PDAF","7 MP, f/2.2, 32mm (standard)",138 g (4.87 oz),1960 mAh,https://www.gsmarena.com/apple_iphone_7-8064.php
"Apple iPhone 6S, GSM Unlocked, 32GB - Space Gray (Certified Refurbished)",B071P9HZWW,"2015, September","4.7 inches, 60.9 cm2 (~65.6% screen-to-body ratio)","750 x 1334 pixels, 16:9 ratio (~326 ppi density)","iOS 9, upgradable to iOS 12",Apple A9,"16/32/64/128 GB, 2 GB RAM","12 MP, f/2.2, 29mm (standard), 1/3"", 1.22µm, PDAF","5 MP, f/2.2, 31mm (standard)",143 g (5.04 oz),1715 mAh,https://www.gsmarena.com/apple_iphone_6s-7242.php
"Apple iPhone SE 64 GB Factory Unlocked, Silver (Certified Refurbished)",B01L1BOQUQ,"2016, March","4.0 inches, 44.1 cm2 (~60.8% screen-to-body ratio)","640 x 1136 pixels, 16:9 ratio (~326 ppi density)","iOS 9.3.2, upgradable to iOS 12",Apple A9,"16/32/64/128 GB, 2 GB RAM","12 MP, f/2.2, 29mm (standard), 1/3"", 1.22µm, PDAF","1.2 MP, f/2.4, 31mm (standard)",113 g (3.99 oz),1624 mAh,https://www.gsmarena.com/apple_iphone_se-7969.php
"Apple iPhone 7 , Fully Unlocked, 128GB - Silver (Certified Refurbished)",B01MYBA2SV,"2016, September","4.7 inches, 60.9 cm2 (~65.6% screen-to-body ratio)","750 x 1334 pixels, 16:9 ratio (~326 ppi density)","iOS 10.0.1, upgradable to iOS 12",Apple A10 Fusion,"32/128/256 GB, 2 GB RAM","12 MP, f/1.8, 28mm (wide), 1/3"", OIS, PDAF","7 MP, f/2.2, 32mm (standard)",138 g (4.87 oz),1960 mAh,https://www.gsmarena.com/apple_iphone_7-8064.php
"Sony Xperia XZ3 Unlocked Smartphone - Xperia Ear Duo (Bundle), 64GB - 6.0"" OLED Screen - Black (US Warranty)",,"2018, August","6.0 inches, 92.9 cm2 (~80.5% screen-to-body ratio)","1440 x 2880 pixels, 18:9 ratio (~537 ppi density)",Android 9.0 (Pie),Qualcomm SDM845 Snapdragon 845,"64 GB, 4 GB RAM or 64 GB, 6 GB RAM (Taiwan only)","19 MP, f/2.0, 25mm (wide), 1/2.3"", 1.22µm, predictive PDAF & laser AF","13 MP, f/1.9, 23mm (wide), 1/3"", 1.12µm",193 g (6.81 oz),3300 mAh,https://www.gsmarena.com/sony_xperia_xz3-9232.php
LG G4 H810 Metallic Grey GSM Unlocked Android 4G LTE 32GB Smartphone,B015EOD9KO,"2015, April","5.5 inches, 82.2 cm2 (~72.5% screen-to-body ratio)","1440 x 2560 pixels, 16:9 ratio (~538 ppi density)","Android 5.1.1 (Lollipop), 6.0 (Marshmallow), planned upgrade to 7.0 (Nougat)",Qualcomm MSM8992 Snapdragon 808,"32 GB, 3 GB RAM","16 MP, f/1.8, 28mm (wide), 1/2.6"", 1.12µm, 3-axis OIS, laser AF","8 MP, f/2.0, 1/4"", 1.12µm",155 g (5.47 oz),3000 mAh,https://www.gsmarena.com/lg_g4-6901.php
Apple iPhone 7-32GB - GSM Unlocked - Black (Certified Refurbished),B078WYWVJG,"2016, September","4.7 inches, 60.9 cm2 (~65.6% screen-to-body ratio)","750 x 1334 pixels, 16:9 ratio (~326 ppi density)","iOS 10.0.1, upgradable to iOS 12",Apple A10 Fusion,"32/128/256 GB, 2 GB RAM","12 MP, f/1.8, 28mm (wide), 1/3"", OIS, PDAF","7 MP, f/2.2, 32mm (standard)",138 g (4.87 oz),1960 mAh,https://www.gsmarena.com/apple_iphone_7-8064.php
"Apple iPhone 6S, GSM Unlocked, 16GB - Silver (Certified Refurbished)",B01CR2EUN6,"2015, September","4.7 inches, 60.9 cm2 (~65.6% screen-to-body ratio)","750 x 1334 pixels, 16:9 ratio (~326 ppi density)","iOS 9, upgradable to iOS 12",Apple A9,"16/32/64/128 GB, 2 GB RAM","12 MP, f/2.2, 29mm (standard), 1/3"", 1.22µm, PDAF","5 MP, f/2.2, 31mm (standard)",143 g (5.04 oz),1715 mAh,https://www.gsmarena.com/apple_iphone_6s-7242.php
Moto E5 Play â€“ 16 GB â€“ Unlocked (AT&T/T-Mobile) â€“ Black â€“ Prime Exclusive Phone,B07FRZKZBR,"2018, April","5.2 inches, 74.5 cm2 (~66.7% screen-to-body ratio)","720 x 1280 pixels, 16:9 ratio (~282 ppi density)",Android 8.0 (Oreo),Qualcomm MSM8917 Snapdragon 425/ Qualcomm MSM8920 Snapdragon 427,"16 GB, 2 GB RAM","8 MP, f/2.0, 1.12 µm, AF",5 MP,150 g (5.29 oz),2800 mAh,https://www.gsmarena.com/motorola_moto_e5_play-9175.php
Apple iPhone 6 64GB Silver 4.7 4G LTE Factory Unlocked GSM Smartphone,B00TQXAYE4,"2014, September","4.7 inches, 60.9 cm2 (~65.8% screen-to-body ratio)","750 x 1334 pixels, 16:9 ratio (~326 ppi density)","iOS 8, upgradable to iOS 12",Apple A8,"16/32/64/128 GB, 1 GB RAM DDR3","8 MP, f/2.2, 29mm (standard), 1/3"", 1.5µm, PDAF","1.2 MP, f/2.2, 31mm (standard)",129 g (4.55 oz),1810 mAh,https://www.gsmarena.com/apple_iphone_6-6378.php
"Motorola XT1925-6 Factory Unlocked Phone - 5.7"" Screen - 32GB - Oyster Blush (U.S. Warranty)",B079ZF3633,,,,,,,,,,,
"Apple iPhone 6S, Fully Unlocked, 64GB - Space Gray (Certified Refurbished)",B06XR8G1TX,"2015, September","4.7 inches, 60.9 cm2 (~65.6% screen-to-body ratio)","750 x 1334 pixels, 16:9 ratio (~326 ppi density)","iOS 9, upgradable to iOS 12",Apple A9,"16/32/64/128 GB, 2 GB RAM","12 MP, f/2.2, 29mm (standard), 1/3"", 1.22µm, PDAF","5 MP, f/2.2, 31mm (standard)",143 g (5.04 oz),1715 mAh,https://www.gsmarena.com/apple_iphone_6s-7242.php
Samsung Galaxy S6 G920A 32GB Unlocked GSM 4G LTE Octa-Core Android Smartphone with 16MP Camera - Black Sapphire,B00WHE2WCG,"2015, March","5.1 inches, 71.5 cm2 (~70.7% screen-to-body ratio)","1440 x 2560 pixels, 16:9 ratio (~577 ppi density)","Android 5.0.2 (Lollipop), 7.0 (Nougat), planned upgrade to Android 8.0 (Oreo)",Exynos 7420 Octa,"32/64/128 GB, 3 GB RAM","16 MP, f/1.9, 28mm (wide), 1/2.6"", 1.12µm, OIS, AF","5 MP, f/1.9, 22mm (wide), 1/4.1"", 1.34µm",138 g (4.87 oz),2550 mAh,https://www.gsmarena.com/samsung_galaxy_s6-6849.php
Moto G Plus (5th Generation) - 32 GB - Unlocked (Lunar Gray) (Certified Refurbished),B0722R5PB7,"2017, February","5.2 inches, 74.5 cm2 (~67.1% screen-to-body ratio)","1080 x 1920 pixels, 16:9 ratio (~424 ppi density)","Android 7.0 (Nougat), upgradable to Android 8.0 (Oreo)",Qualcomm MSM8953 Snapdragon 625,"32/64 GB, 2/4 GB RAM; 32 GB, 3 GB RAM","12 MP, f/1.7, dual pixel PDAF","5 MP, f/2.2",155 g (5.47 oz),3000 mAh,https://www.gsmarena.com/motorola_moto_g5_plus-8453.php
"BlackBerry KEY2 Silver Unlocked Android Smartphone (AT&T/T-Mobile) 4G LTE, 64GB",B07D7QKDCX,"2018, June","4.5 inches, 60.0 cm2 (~55.2% screen-to-body ratio)","1080 x 1620 pixels, 3:2 ratio (~434 ppi density)",Android 8.1 (Oreo),Qualcomm SDM660 Snapdragon 660,"64/128 GB, 6 GB RAM","12 MP, f/1.8, 1/2.3"", 1.28µm, dual pixel PDAF
12 MP, f/2.6, 1/3.4"", 1.0µm, PDAF","8 MP, f/2.0, 1/4"", 1.12µm",168 g (5.93 oz),3500 mAh,https://www.gsmarena.com/blackberry_key2-9187.php
"Apple iPhone 6S, Fully Unlocked, 64GB - Silver (Certified Refurbished)",B06XRHJWNC,"2015, September","4.7 inches, 60.9 cm2 (~65.6% screen-to-body ratio)","750 x 1334 pixels, 16:9 ratio (~326 ppi density)","iOS 9, upgradable to iOS 12",Apple A9,"16/32/64/128 GB, 2 GB RAM","12 MP, f/2.2, 29mm (standard), 1/3"", 1.22µm, PDAF","5 MP, f/2.2, 31mm (standard)",143 g (5.04 oz),1715 mAh,https://www.gsmarena.com/apple_iphone_6s-7242.php
Apple iPhone 6 a1586 64GB Gold CDMA/GSM Unlocked (Certified Refurbished),B01J2T8JKC,"2014, September","4.7 inches, 60.9 cm2 (~65.8% screen-to-body ratio)","750 x 1334 pixels, 16:9 ratio (~326 ppi density)","iOS 8, upgradable to iOS 12",Apple A8,"16/32/64/128 GB, 1 GB RAM DDR3","8 MP, f/2.2, 29mm (standard), 1/3"", 1.5µm, PDAF","1.2 MP, f/2.2, 31mm (standard)",129 g (4.55 oz),1810 mAh,https://www.gsmarena.com/apple_iphone_6-6378.php
Moto E Plus (4th Generation) - 16 GB - Unlocked (AT&T/Sprint/T-Mobile/Verizon) - Iron Gray,B072ZZFJ65,"2017, June","5.5 inches, 83.4 cm2 (~69.4% screen-to-body ratio)","720 x 1280 pixels, 16:9 ratio (~267 ppi density)",Android 7.1 (Nougat),Qualcomm MSM8920 Snapdragon 427,"16/32 GB, 2 GB RAM","13 MP, f/2.0, 1.12µm, AF","5 MP, f/2.2, 1/4"", 1.4µm",181 g (6.38 oz),5000 mAh,https://www.gsmarena.com/motorola_moto_e4_plus_(usa)-8666.php
"Apple iPhone 6S, Fully Unlocked, 16GB - Gold (Certified Refurbished)",B06XRG5S2C,"2015, September","4.7 inches, 60.9 cm2 (~65.6% screen-to-body ratio)","750 x 1334 pixels, 16:9 ratio (~326 ppi density)","iOS 9, upgradable to iOS 12",Apple A9,"16/32/64/128 GB, 2 GB RAM","12 MP, f/2.2, 29mm (standard), 1/3"", 1.22µm, PDAF","5 MP, f/2.2, 31mm (standard)",143 g (5.04 oz),1715 mAh,https://www.gsmarena.com/apple_iphone_6s-7242.php
"Apple iPhone 6S 64GB GSM Unlocked, Silver (Certified Refurbished)",B01CR1SRTA,"2015, September","4.7 inches, 60.9 cm2 (~65.6% screen-to-body ratio)","750 x 1334 pixels, 16:9 ratio (~326 ppi density)","iOS 9, upgradable to iOS 12",Apple A9,"16/32/64/128 GB, 2 GB RAM","12 MP, f/2.2, 29mm (standard), 1/3"", 1.22µm, PDAF","5 MP, f/2.2, 31mm (standard)",143 g (5.04 oz),1715 mAh,https://www.gsmarena.com/apple_iphone_6s-7242.php
Casio G'zOne C781 Ravine 2 Verizon Cell Phone / Rugged Flip Phone / Black,B00KSQ88U0,,,,,,,,,,,
"Google Pixel GSM Unlocked (Certified Refurbished) (32GB, Gray)",B072N3GKSM,"2016, October","5.0 inches, 68.9 cm2 (~69.0% screen-to-body ratio)","1080 x 1920 pixels, 16:9 ratio (~441 ppi density)","Android 7.1 (Nougat), upgradable to Android 9.0 (Pie)",Qualcomm MSM8996 Snapdragon 821,"32/128 GB, 4 GB RAM","12.3 MP, f/2.0, 1/2.3"", 1.55µm, PDAF & laser AF","8 MP, f/2.4, 1/3.2"", 1.4µm",143 g (5.04 oz),2770 mAh,https://www.gsmarena.com/google_pixel-8346.php#usa-na
"LG Phoenix 3 Unlocked 4g Lte USA Latin Caribbean Gsm 5"" HD 16GB 1.5Gb Ram M150 Android 6.0 Desbloqueado",B072BGNWTV,"2016, December","5.0 inches, 69.6 cm2 (~66.3% screen-to-body ratio)","480 x 854 pixels, 16:9 ratio (~195 ppi density)",Android 6.0.1 (Marshmallow),Qualcomm MSM8909 Snapdragon 210,"8 GB/ 16 GB (AT&T, Cricket), 1 GB RAM","5 MP, AF, f/2.6","5 MP, f/2.7",138 g (4.87 oz),2500 mAh,https://www.gsmarena.com/lg_k4_(2017)-8489.php
"Apple iPhone 7 , Fully Unlocked, 32GB - Black (Certified Refurbished)",B01N4R20RS,"2016, September","4.7 inches, 60.9 cm2 (~65.6% screen-to-body ratio)","750 x 1334 pixels, 16:9 ratio (~326 ppi density)","iOS 10.0.1, upgradable to iOS 12",Apple A10 Fusion,"32/128/256 GB, 2 GB RAM","12 MP, f/1.8, 28mm (wide), 1/3"", OIS, PDAF","7 MP, f/2.2, 32mm (standard)",138 g (4.87 oz),1960 mAh,https://www.gsmarena.com/apple_iphone_7-8064.php
"BLU Grand XL - Unlocked Smartphone -5.5"" Display, 8GB +1GB RAM -Black",B076HG3CTD,"2017, June","5.5 inches, 83.4 cm2 (~67.4% screen-to-body ratio)","720 x 1280 pixels, 16:9 ratio (~267 ppi density)",Android 7.0 (Nougat),Mediatek MT6580,"8 GB, 1 GB RAM","8 MP, AF",5 MP,187 g (6.60 oz),2650 mAh,https://www.gsmarena.com/blu_grand_xl-8731.php
"Apple iPhone 6S 16GB, GSM Unlocked - Gold (Certified Refurbished)",B01CR2ADEG,"2015, September","4.7 inches, 60.9 cm2 (~65.6% screen-to-body ratio)","750 x 1334 pixels, 16:9 ratio (~326 ppi density)","iOS 9, upgradable to iOS 12",Apple A9,"16/32/64/128 GB, 2 GB RAM","12 MP, f/2.2, 29mm (standard), 1/3"", 1.22µm, PDAF","5 MP, f/2.2, 31mm (standard)",143 g (5.04 oz),1715 mAh,https://www.gsmarena.com/apple_iphone_6s-7242.php
"Samsung Galaxy S8 64GB, Orchid Gray - Verizon + GSM Factory Unlocked 4G LTE (Certified Refurbished)",B076HVSJQR,"2017, March","5.8 inches, 84.8 cm2 (~83.6% screen-to-body ratio)","1440 x 2960 pixels, 18.5:9 ratio (~570 ppi density)","Android 7.0 (Nougat), upgradable to Android 8.0 (Oreo)",Exynos 8895 Octa - EMEAQualcomm MSM8998 Snapdragon 835 - USA & China,"64 GB, 4 GB RAM","12 MP, f/1.7, 26mm (wide), 1/2.55"", 1.4µm, OIS, dual pixel PDAF","8 MP, f/1.7, 25mm (wide), 1/3.6"", 1.22µm, AF",155 g (5.47 oz),3000 mAh,https://www.gsmarena.com/samsung_galaxy_s8-8161.php#g950u
"Samsung Galaxy S8 G950FD 64GB Maple Gold, Dual Sim, 5.8 inches, 4GB Ram, GSM Unlocked International Model, No Warranty",B0716CN1LM,"2017, March","5.8 inches, 84.8 cm2 (~83.6% screen-to-body ratio)","1440 x 2960 pixels, 18.5:9 ratio (~570 ppi density)","Android 7.0 (Nougat), upgradable to Android 8.0 (Oreo)",Exynos 8895 Octa - EMEAQualcomm MSM8998 Snapdragon 835 - USA & China,"64 GB, 4 GB RAM","12 MP, f/1.7, 26mm (wide), 1/2.55"", 1.4µm, OIS, dual pixel PDAF","8 MP, f/1.7, 25mm (wide), 1/3.6"", 1.22µm, AF",155 g (5.47 oz),3000 mAh,https://www.gsmarena.com/samsung_galaxy_s8-8161.php#g950u
Samsung Galaxy S8 Plus (S8+) (SM-G955FD) 4GB RAM / 64GB ROM 6.2-Inch 12MP 4G LTE Dual SIM FACTORY UNLOCKED - International Stock No Warranty (MIDNIGHT BLACK),B071H9KKKF,"2017, March","6.2 inches, 98.3 cm2 (~84.0% screen-to-body ratio)","1440 x 2960 pixels, 18.5:9 ratio (~529 ppi density)","Android 7.0 (Nougat), upgradable to Android 8.0 (Oreo)",Exynos 8895 Octa - EMEAQualcomm MSM8998 Snapdragon 835 - USA & China,"128 GB, 6 GB RAM or 64 GB, 4 GB RAM","12 MP, f/1.7, 26mm (wide), 1/2.55"", 1.4µm, OIS, dual pixel PDAF","8 MP, f/1.7, 25mm (wide), 1/3.6"", 1.22µm, AF",173 g (6.10 oz),3500 mAh,https://www.gsmarena.com/samsung_galaxy_s8+-8523.php#g955u
MSRM Smart Watch Phone 1.54 Inch Phone Syc Support Android 4.3 Above and iPhone5s/6/6s/7/7s (Partial Functions for iPhone) Black,B07GQM5PDR,,,,,,,,,,,
"BLU Grand XL - Unlocked Smartphone -5.5"" Display, 8GB +1GB RAM -Silver",B07BR74R8S,"2017, June","5.5 inches, 83.4 cm2 (~67.4% screen-to-body ratio)","720 x 1280 pixels, 16:9 ratio (~267 ppi density)",Android 7.0 (Nougat),Mediatek MT6580,"8 GB, 1 GB RAM","8 MP, AF",5 MP,187 g (6.60 oz),2650 mAh,https://www.gsmarena.com/blu_grand_xl-8731.php
Apple iPhone SE Unlocked Phone -16 GB Retail Packaging - Rose Gold,B01DAJT1AW,"2016, March","4.0 inches, 44.1 cm2 (~60.8% screen-to-body ratio)","640 x 1136 pixels, 16:9 ratio (~326 ppi density)","iOS 9.3.2, upgradable to iOS 12",Apple A9,"16/32/64/128 GB, 2 GB RAM","12 MP, f/2.2, 29mm (standard), 1/3"", 1.22µm, PDAF","1.2 MP, f/2.4, 31mm (standard)",113 g (3.99 oz),1624 mAh,https://www.gsmarena.com/apple_iphone_se-7969.php
"Samsung Galaxy S7 ACTIVE G891A 32GB Unlocked GSM Shatter-Resistant, Extremely Durable Smartphone w/12MP Camera - Titanium Gray (Certified Refurbished)",B01N7ZLLBI,"2016, February","5.1 inches, 71.5 cm2 (~72.1% screen-to-body ratio)","1440 x 2560 pixels, 16:9 ratio (~577 ppi density)","Android 6.0 (Marshmallow), upgradable to Android 8.0 (Oreo)",Exynos 8890 Octa,"32/64 GB, 4 GB RAM","12 MP, f/1.7, 26mm (wide), 1/2.55"", 1.4µm, Dual Pixel PDAF, OIS","5 MP, f/1.7, 22mm (wide), 1/4.1"", 1.34µm",152 g (5.36 oz),3000 mAh,https://www.gsmarena.com/samsung_galaxy_s7-7821.php#g930f
Samsung Galaxy J8 (SM-J810Y/DS) 3GB / 32GB 6.0-inches LTE Dual SIM Factory Unlocked - International Stock No Warranty (Black),B07FTFV5LM,"2018, May","6.0 inches, 91.4 cm2 (~75.8% screen-to-body ratio)","720 x 1480 pixels, 18.5:9 ratio (~274 ppi density)",Android 8.0 (Oreo),Qualcomm SDM450 Snapdragon 450,"64 GB, 4 GB RAM or 32 GB, 3 GB RAM","16 MP, f/1.7, AF
5 MP, f/1.9, depth sensor","16 MP, f/1.9",177 g (6.24 oz),3500 mAh,https://www.gsmarena.com/samsung_galaxy_j8-9205.php
"Apple iPhone 6, Fully Unlocked, 64GB - Space Gray (Certified Refurbished)",B00YD54AYU,"2014, September","4.7 inches, 60.9 cm2 (~65.8% screen-to-body ratio)","750 x 1334 pixels, 16:9 ratio (~326 ppi density)","iOS 8, upgradable to iOS 12",Apple A8,"16/32/64/128 GB, 1 GB RAM DDR3","8 MP, f/2.2, 29mm (standard), 1/3"", 1.5µm, PDAF","1.2 MP, f/2.2, 31mm (standard)",129 g (4.55 oz),1810 mAh,https://www.gsmarena.com/apple_iphone_6-6378.php
"Samsung Galaxy Note9 Factory Unlocked Phone with 6.4"" Screen and 128GB (U.S. Warranty), Lavender Purple",B07FZG77X6,"2018, August","6.4 inches, 103.2 cm2 (~83.4% screen-to-body ratio)","1440 x 2960 pixels, 18.5:9 ratio (~516 ppi density)",Android 8.1 (Oreo),"Exynos 9810 Octa - EMEAQualcomm SDM845 Snapdragon 845 - USA/LATAM, China","512 GB, 8 GB RAM or 128 GB, 6 GB RAM","12 MP, f/1.5-2.4, 26mm (wide), 1/2.55"", 1.4µm, dual pixel PDAF, OIS
12 MP, f/2.4, 52mm (telephoto), 1/3.4"", 1µm, AF, OIS, 2x optical zoom","8 MP, f/1.7, 25mm (wide), 1/3.6"", 1.22µm, AF",201 g (7.09 oz),4000 mAh,https://www.gsmarena.com/samsung_galaxy_note9-9163.php
